speaker_name,year,sum_male,sum_female,sum_neutral_female,sum_neutral_male,sum_neutral,ratio_neutral_male,ratio_neutral_female
Lawrence C. Brown,1998,0,0,0,0,0,0,0
James R. Young,1998,0,0,0,0,0,0,0
Lawrence G. Wallace,1998,0,0,0,0,0,0,0
Beth S. Brinkmann,1998,0,0,0,0,0,0,0
Susan L. Seitz,1998,0,0,0,0,0,0,0
Douglas R. Oelschlaeger,1998,0,0,0,0,0,0,0
Stephen G. Morrison,1998,0,0,0,0,0,0,0
Matthew D. Roberts,1998,0,0,0,0,0,0,0
"John E. Wall, Jr.",1998,0,0,0,0,0,0,0
Leo Geffner,1998,0,0,0,0,0,0,0
"Raymond J. LaJeunesse, Jr.",1998,0,0,0,0,0,0,0
Lawrence Rosenthal,1998,0,0,0,0,0,0,0
Harvey Grossman,1998,0,0,0,0,0,0,0
C. Randall Bain,1998,0,0,0,0,0,0,0
Jeffrey P. Minear,1998,0,0,0,0,0,0,0
Jerry R. Selinger,1998,0,0,0,0,0,0,0
John P. McDonald,1998,0,0,0,0,0,0,0
Paul R. Q. Wolfson,1998,0,0,0,0,0,0,0
Bradford Colbert,1998,0,0,0,0,0,0,0
James C. Backstrom,1998,0,0,0,0,0,0,0
Jeffrey A. Lamken,1998,0,0,0,0,0,0,0
David M. Smith,1998,0,0,0,0,0,0,0
Gregory O'Duden,1998,0,0,0,0,0,0,0
Irving L. Gornstein,1998,0,0,0,0,0,0,0
Patrick S. Smith,1998,0,0,0,0,0,0,0
Jeffrey S. Sutton,1998,0,0,0,0,0,0,0
David D. Lawrence,1998,0,0,0,0,0,0,0
Michael M. Berger,1998,0,0,0,0,0,0,0
Edwin S. Kneedler,1998,0,0,0,0,0,0,0
George A. Yuhas,1998,0,0,0,0,0,0,0
David D. Cole,1998,0,0,0,0,0,0,0
Malcolm L. Stewart,1998,0,0,0,0,0,0,0
Paul T. Cappuccio,1998,0,0,0,0,0,0,0
Lisa S. Blatt,1998,0,0,0,0,0,0,0
Seth Kupferberg,1998,0,0,0,0,0,0,0
John L. Kirwin,1998,0,0,0,0,0,0,0
Barbara B. McDowell,1998,0,0,0,0,0,0,0
Randy V. Thompson,1998,0,0,0,0,0,0,0
Marc D. Slonim,1998,0,0,0,0,0,0,0
Mark D. Slonim,1998,0,0,0,0,0,0,0
Daniel G. Stone,1998,0,0,0,0,0,0,0
Loralyn McKinley,1998,0,0,0,0,0,0,0
Paul R. Q. Wolfson,1998,0,0,0,0,0,0,0
Joaquin G. Avila,1998,0,0,0,0,0,0,0
"Roy T. Englert, Jr.",1998,0,0,0,0,0,0,0
"Richard M. Bendix, Jr.",1998,0,0,0,0,0,0,0
Patricia A. Millett,1998,0,0,0,0,0,0,0
Phillip A. Bradley,1998,0,0,0,0,0,0,0
Matthew D. Roberts,1998,0,0,0,0,0,0,0
Charles C. Stebbins,1998,0,0,0,0,0,0,0
Lisa S. Blatt,1998,0,0,0,0,0,0,0
Diana L. Gustin,1998,0,0,0,0,0,0,0
Beth S. Brinkmann,1998,0,0,0,0,0,0,0
Patrick Irvine,1998,0,0,0,0,0,0,0
Bruce C. Smith,1998,0,0,0,0,0,0,0
Peter M. Sfikas,1998,0,0,0,0,0,0,0
Lawrence G. Wallace,1998,0,0,0,0,0,0,0
Thomas F. Spaulding,1998,0,0,0,0,0,0,0
Jeffrey A. Lamken,1998,0,0,0,0,0,0,0
Elihu Inselbuch,1998,0,0,0,0,0,0,0
Laurence H. Tribe,1998,0,0,0,0,0,0,0
Joseph H. Babington,1998,0,0,0,0,0,0,0
Jeffrey P. Minear,1998,0,0,0,0,0,0,0
Sidney W. Jackson,1998,0,0,0,0,0,0,0
Michael K. Kellogg,1998,0,0,0,0,0,0,0
John G. Kester,1998,0,0,0,0,0,0,0
David C. Frederick,1998,0,0,0,0,0,0,0
Patricia A. Millett,1998,0,0,0,0,0,0,0
Nadine K. Wettstein,1998,0,0,0,0,0,0,0
Kevin C. Brazile,1998,0,0,0,0,0,0,0
Michael J. Lightfoot,1998,0,0,0,0,0,0,0
Jeffrey I. Erlich,1998,0,0,0,0,0,0,0
Jeffrey L. Ehrlich,1998,0,0,0,0,0,0,0
Edwin S. Kneedler,1998,0,0,0,0,0,0,0
"William J. Kayatta, Jr.",1998,0,0,0,0,0,0,0
J. David Pugh,1998,0,0,0,0,0,0,0
Deborah A. Smith,1998,0,0,0,0,0,0,0
Richard A. Cordray,1998,0,0,0,0,0,0,0
Henry H. Rossbacher,1998,0,0,0,0,0,0,0
Lawrence R. Fletcher-Hill,1998,0,0,0,0,0,0,0
Richard K. Willard,1998,0,0,0,0,0,0,0
"Roy T. Englert, Jr.",1998,0,0,0,0,0,0,0
Edwin S. Kneedler,1998,0,0,0,0,0,0,0
Van Aaron Hughes,1998,0,0,0,0,0,0,0
Roy W. McLeese,1998,0,0,0,0,0,0,0
Javier H. Rubinstein,1998,0,0,0,0,0,0,0
Javier H. Rubinstein,1998,0,0,0,0,0,0,0
William J. Kilberg,1998,0,0,0,0,0,0,0
Stephen R. McAllister,1998,0,0,0,0,0,0,0
James A. Feldman,1998,0,0,0,0,0,0,0
Michael W. McConnell,1998,0,0,0,0,0,0,0
Malcolm L. Stewart,1998,0,0,0,0,0,0,0
Carter G. Phillips,1998,0,0,0,0,0,0,0
Kent L. Jones,1998,0,0,0,0,0,0,0
Mark L. Evans,1998,0,0,0,0,0,0,0
Charles J. Cooper,1998,0,0,0,0,0,0,0
William L. Browers,1998,0,0,0,0,0,0,0
David B. Mote,1998,0,0,0,0,0,0,0
"James W. Colbert, III",1998,0,0,0,0,0,0,0
G. Robert Blakey,1998,0,0,0,0,0,0,0
Lawrence G. Wallace,1998,0,0,0,0,0,0,0
Jonathan E. Nuechtherlein,1998,0,0,0,0,0,0,0
Jonathan Nuechterlein,1998,0,0,0,0,0,0,0
Robert H. Silk,1998,0,0,0,0,0,0,0
Diane W. Wilson,1998,0,0,0,0,0,0,0
"Joseph H. Mattingly, III",1998,0,0,0,0,0,0,0
Carter G. Phillips,1998,0,0,0,0,0,0,0
James A. Feldman,1998,0,0,0,0,0,0,0
Edward C. DuMont,1998,0,0,0,0,0,0,0
Quin Denvir,1998,0,0,0,0,0,0,0
Kevin J. Keating,1998,0,0,0,0,0,0,0
Barbara D. Underwood,1998,0,0,0,0,0,0,0
Donald J. McCauley,1998,0,0,0,0,0,0,0
David C. Frederick,1998,0,0,0,0,0,0,0
Steven A. Morley,1998,0,0,0,0,0,0,0
Michael R. Dreeben,1998,0,0,0,0,0,0,0
Bridget A. Chambers,1998,0,0,0,0,0,0,0
Paul Rosenberg,1998,0,0,0,0,0,0,0
"Bruce J. Ennis, Jr.",1998,0,0,0,0,0,0,0
David W. Carpenter,1998,0,0,0,0,0,0,0
William P. Barr,1998,0,0,0,0,0,0,0
Diane Munns,1998,0,0,0,0,0,0,0
Laurence H. Tribe,1998,0,0,0,0,0,0,0
Seth P. Waxman,1998,0,0,0,0,0,0,0
Barbara D. Underwood,1998,0,0,0,0,0,0,0
"W. Warren Plowden, Jr.",1998,0,0,0,0,0,0,0
Verna L. Williams,1998,0,0,0,0,0,0,0
"William A. Barnett, Jr.",1998,0,0,0,0,0,0,0
Irving L. Gornstein,1998,0,0,0,0,0,0,0
Charles A. Edwards,1998,0,0,0,0,0,0,0
Ray P. McClain,1998,0,0,0,0,0,0,0
Barbara D. Underwood,1998,0,0,0,0,0,0,0
Roy W. McLeese,1998,0,0,0,0,0,0,0
Daniel I. Siegel,1998,0,0,0,0,0,0,0
Gale Norton,1998,0,0,0,0,0,0,0
Neil D. O'Toole,1998,0,0,0,0,0,0,0
Timothy Crooks,1998,0,0,0,0,0,0,0
Michael R. Dreeben,1998,0,0,0,0,0,0,0
Alan B. Morrison,1998,0,0,0,0,0,0,0
Jeffrey M. Sewell,1998,0,0,0,0,0,0,0
Kent L. Jones,1998,0,0,0,0,0,0,0
Eric W. Bloom,1998,0,0,0,0,0,0,0
Robert W. Ray,1998,0,0,0,0,0,0,0
William B. Mallin,1998,0,0,0,0,0,0,0
David C. Todd,1998,0,0,0,0,0,0,0
Seth P. Waxman,1998,0,0,0,0,0,0,0
Barbara B. McDowell,1998,0,0,0,0,0,0,0
Paul S. Rehurek,1998,0,0,0,0,0,0,0
Donna D. Domonkos,1998,0,0,0,0,0,0,0
Eric Schnapper,1998,0,0,0,0,0,0,0
Raymond C. Fay,1998,0,0,0,0,0,0,0
Seth P. Waxman,1998,0,0,0,0,0,0,0
Carolyn M. Snurkowski,1998,0,0,0,0,0,0,0
Malcolm L. Stewart,1998,0,0,0,0,0,0,0
David P. Gauldin,1998,0,0,0,0,0,0,0
Richard A. Mescon,1998,0,0,0,0,0,0,0
"Drew S. Days, III",1998,0,0,0,0,0,0,0
Timothy M. Kelly,1998,0,0,0,0,0,0,0
Barbara B. McDowell,1998,0,0,0,0,0,0,0
Thomas L. Casey,1998,0,0,0,0,0,0,0
Deborah LaBelle,1998,0,0,0,0,0,0,0
Deborah A. La Belle,1998,0,0,0,0,0,0,0
John M. Economidy,1998,0,0,0,0,0,0,0
Michael R. Dreeben,1998,0,0,0,0,0,0,0
Stuart Kirsch,1998,0,0,0,0,0,0,0
David M. Smith,1998,0,0,0,0,0,0,0
David C. Frederick,1998,0,0,0,0,0,0,0
Ernest Gellhorn,1998,0,0,0,0,0,0,0
Lawrence G. Wallace,1998,0,0,0,0,0,0,0
"Bruce J. Ennis, Jr.",1998,0,0,0,0,0,0,0
Barbara D. Underwood,1998,0,0,0,0,0,0,0
Michael A. Carvin,1998,0,0,0,0,0,0,0
Maureen E. Mahoney,1998,0,0,0,0,0,0,0
Seth P. Waxman,1998,0,0,0,0,0,0,0
Michael A. Carvin,1998,0,0,0,0,0,0,0
Patricia A. Brannan,1998,0,0,0,0,0,0,0
Paul R. Q. Wolfson,1998,0,0,0,0,0,0,0
Peter J. Brann,1998,0,0,0,0,0,0,0
Laurence E. Gold,1998,0,0,0,0,0,0,0
Seth P. Waxman,1998,0,0,0,0,0,0,0
Clifton T. Hutchinson,1998,0,0,0,0,0,0,0
Charles Alan Wright,1998,0,0,0,0,0,0,0
Kevin J. Culligan,1998,0,0,0,0,0,0,0
Jonathan A. Glogau,1998,0,0,0,0,0,0,0
Seth P. Waxman,1998,0,0,0,0,0,0,0
Beverly P. Downing,1998,0,0,0,0,0,0,0
Michael H. Gottesman,1998,0,0,0,0,0,0,0
Irving L. Gornstein,1998,0,0,0,0,0,0,0
Miguel A. Estrada,1998,0,0,0,0,0,0,0
Pamela A. Rumpz,1998,0,0,0,0,0,0,0
Kathleen P. Baldwin,1998,0,0,0,0,0,0,0
Katherine P. Baldwin,1998,0,0,0,0,0,0,0
Ira S. Sacks,1998,0,0,0,0,0,0,0
Scott N. Hunt,1998,0,0,0,0,0,0,0
Edward C. DuMont,1998,0,0,0,0,0,0,0
Corbett Gordon,1998,0,0,0,0,0,0,0
Jonathan Nuechterlein,1998,0,0,0,0,0,0,0
"H. Bartow Farr, III",1998,0,0,0,0,0,0,0
James R. Atwood,1998,0,0,0,0,0,0,0
Thomas C. Goldstein,1998,0,0,0,0,0,0,0
John J. Arnold,1998,0,0,0,0,0,0,0
Jeffrey P. Minear,1998,0,0,0,0,0,0,0
Carter G. Phillips,1998,0,0,0,0,0,0,0
Thomas H. Shipps,1998,0,0,0,0,0,0,0
Thomas J. Davidson,1998,0,0,0,0,0,0,0
"John G. Roberts, Jr.",1998,0,0,0,0,0,0,0
Edwin S. Kneedler,1998,0,0,0,0,0,0,0
Carter G. Phillips,1998,0,0,0,0,0,0,0
Robinson O. Everett,1998,0,0,0,0,0,0,0
James A. Feldman,1998,0,0,0,0,0,0,0
"Walter E. Dellinger, III",1998,0,0,0,0,0,0,0
Mark D. Rosenbaum,1998,0,0,0,0,0,0,0
Theodore Garelis,1998,0,0,0,0,0,0,0
Seth P. Waxman,1998,0,0,0,0,0,0,0
Mason D. Morisset,1999,0,0,0,0,0,0,0
Jerome C. Muys,1999,0,0,0,0,0,0,0
Jeffrey P. Minear,1999,0,0,0,0,0,0,0
James B. Koch,1999,0,0,0,0,0,0,0
Malcolm L. Stewart,1999,0,0,0,0,0,0,0
Richard A. Devine,1999,0,0,0,0,0,0,0
Ronald J. Nessim,1999,0,0,0,0,0,0,0
Carol F. Jorstad,1999,0,0,0,0,0,0,0
Daniel M. Traylor,1999,0,0,0,0,0,0,0
Kent L. Jones,1999,0,0,0,0,0,0,0
Jeffrey A. Lamken,1999,0,0,0,0,0,0,0
Kimball R. Anderson,1999,0,0,0,0,0,0,0
Richard M. Cooper,1999,0,0,0,0,0,0,0
Seth P. Waxman,1999,0,0,0,0,0,0,0
Gregory A. Karle,1999,0,0,0,0,0,0,0
John H. Weston,1999,0,0,0,0,0,0,0
Matthew D. Roberts,1999,0,0,0,0,0,0,0
Michael P. Fleming,1999,0,0,0,0,0,0,0
Michael T. Leibig,1999,0,0,0,0,0,0,0
Andrew Zwerling,1999,0,0,0,0,0,0,0
Beverly Van Ness,1999,0,0,0,0,0,0,0
Elizabeth S. Kertscher,1999,0,0,0,0,0,0,0
Jonathan Nuechterlein,1999,0,0,0,0,0,0,0
Susan K. Ullman,1999,0,0,0,0,0,0,0
Jordan W. Lorence,1999,0,0,0,0,0,0,0
Michael R. Dreeben,1999,0,0,0,0,0,0,0
Michael Gordon,1999,0,0,0,0,0,0,0
James L. DeAno,1999,0,0,0,0,0,0,0
Irving L. Gornstein,1999,0,0,0,0,0,0,0
John R. Wimmer,1999,0,0,0,0,0,0,0
Lisa S. Blatt,1999,0,0,0,0,0,0,0
Robert Mastrocola,1999,0,0,0,0,0,0,0
Brian Shiffrin,1999,0,0,0,0,0,0,0
Paul E. O'Connor,1999,0,0,0,0,0,0,0
Edward C. DuMont,1999,0,0,0,0,0,0,0
Quin Denvir,1999,0,0,0,0,0,0,0
Charles Condon,1999,0,0,0,0,0,0,0
Seth P. Waxman,1999,0,0,0,0,0,0,0
Michael M. Rosenbaum,1999,0,0,0,0,0,0,0
Jay Starkman,1999,0,0,0,0,0,0,0
Lee Boothby,1999,0,0,0,0,0,0,0
Michael W. McConnell,1999,0,0,0,0,0,0,0
Barbara D. Underwood,1999,0,0,0,0,0,0,0
Walter J. Rockler,1999,0,0,0,0,0,0,0
Kent L. Jones,1999,0,0,0,0,0,0,0
Robert Corn-Revere,1999,0,0,0,0,0,0,0
James A. Feldman,1999,0,0,0,0,0,0,0
Barbara B. McDowell,1999,0,0,0,0,0,0,0
Kevin M. Schad,1999,0,0,0,0,0,0,0
William B. Collins,1999,0,0,0,0,0,0,0
C. Jonathan Benner,1999,0,0,0,0,0,0,0
David C. Frederick,1999,0,0,0,0,0,0,0
Arthur H. Bryant,1999,0,0,0,0,0,0,0
Malcolm E. Wheeler,1999,0,0,0,0,0,0,0
Lawrence G. Wallace,1999,0,0,0,0,0,0,0
Edwin S. Kneedler,1999,0,0,0,0,0,0,0
"J. Wallace Malley, Jr.",1999,0,0,0,0,0,0,0
Theodore B. Olson,1999,0,0,0,0,0,0,0
Michael E. McLachlan,1999,0,0,0,0,0,0,0
Barbara D. Underwood,1999,0,0,0,0,0,0,0
Jay A. Sekulow,1999,0,0,0,0,0,0,0
Carter G. Phillips,1999,0,0,0,0,0,0,0
James A. Feldman,1999,0,0,0,0,0,0,0
James P. Ginzkey,1999,0,0,0,0,0,0,0
Daniel H. Bromberg,1999,0,0,0,0,0,0,0
Susan S. Wagner,1999,0,0,0,0,0,0,0
Timothy S. Bishop,1999,0,0,0,0,0,0,0
Edwin S. Kneedler,1999,0,0,0,0,0,0,0
Michael J. Neimand,1999,0,0,0,0,0,0,0
Harvey J. Sepler,1999,0,0,0,0,0,0,0
Irving L. Gornstein,1999,0,0,0,0,0,0,0
Walter Hellerstein,1999,0,0,0,0,0,0,0
David Lew,1999,0,0,0,0,0,0,0
"J. Joseph Bodine, Jr.",1999,0,0,0,0,0,0,0
Edward B. Foley,1999,0,0,0,0,0,0,0
Matthew D. Roberts,1999,0,0,0,0,0,0,0
Michael Pescetta,1999,0,0,0,0,0,0,0
David F. Sarnowski,1999,0,0,0,0,0,0,0
"Bruce J. Ennis, Jr.",1999,0,0,0,0,0,0,0
Edward C. DuMont,1999,0,0,0,0,0,0,0
Thomas C. Goldstein,1999,0,0,0,0,0,0,0
John Cornyn,1999,0,0,0,0,0,0,0
Beth S. Brinkmann,1999,0,0,0,0,0,0,0
Richard D. Bernstein,1999,0,0,0,0,0,0,0
Ronald D. Maines,1999,0,0,0,0,0,0,0
Robert Foster,1999,0,0,0,0,0,0,0
Jeremiah A. Collins,1999,0,0,0,0,0,0,0
Barbara D. Underwood,1999,0,0,0,0,0,0,0
Jeffrey S. Sutton,1999,0,0,0,0,0,0,0
Theodore B. Olson,1999,0,0,0,0,0,0,0
Edwin S. Kneedler,1999,0,0,0,0,0,0,0
"John G. Roberts, Jr.",1999,0,0,0,0,0,0,0
Donald A. Cockrill,1999,0,0,0,0,0,0,0
Jeffrey P. Minear,1999,0,0,0,0,0,0,0
Bruce J. Terris,1999,0,0,0,0,0,0,0
Robert Q. Harris,1999,0,0,0,0,0,0,0
John J. Gibbons,1999,0,0,0,0,0,0,0
"Richard P. Hogan, Jr.",1999,0,0,0,0,0,0,0
"Charles T. Frazier, Jr.",1999,0,0,0,0,0,0,0
M. Carolyn Fuentes,1999,0,0,0,0,0,0,0
Jeffrey A. Lamken,1999,0,0,0,0,0,0,0
Robert A. Graci,1999,0,0,0,0,0,0,0
Robert A. Graci,1999,0,0,0,0,0,0,0
James B. Lieber,1999,0,0,0,0,0,0,0
James B. Lieber,1999,0,0,0,0,0,0,0
Sarah H. Bohr,1999,0,0,0,0,0,0,0
Malcolm L. Stewart,1999,0,0,0,0,0,0,0
Jeremiah W. Nixon,1999,0,0,0,0,0,0,0
D. Bruce La Pierre,1999,0,0,0,0,0,0,0
Seth P. Waxman,1999,0,0,0,0,0,0,0
Benjamin L. Coleman,1999,0,0,0,0,0,0,0
Barbara B. McDowell,1999,0,0,0,0,0,0,0
Lisa S. Blatt,1999,0,0,0,0,0,0,0
Mark L. Horwitz,1999,0,0,0,0,0,0,0
Christopher S. Brasher,1999,0,0,0,0,0,0,0
Catherine W. Smith,1999,0,0,0,0,0,0,0
Mark D. Olson,1999,0,0,0,0,0,0,0
William D. Coston,1999,0,0,0,0,0,0,0
Stuart M. Riback,1999,0,0,0,0,0,0,0
Lawrence G. Wallace,1999,0,0,0,0,0,0,0
Paul A. Strandness,1999,0,0,0,0,0,0,0
Christine A. Hogan,1999,0,0,0,0,0,0,0
Ronald J. Mann,1999,0,0,0,0,0,0,0
"John W. Nields, Jr.",1999,0,0,0,0,0,0,0
Michael R. Dreeben,1999,0,0,0,0,0,0,0
Barbara D. Underwood,1999,0,0,0,0,0,0,0
Kenneth Falk,1999,0,0,0,0,0,0,0
Jon Laramore,1999,0,0,0,0,0,0,0
Carter G. Phillips,1999,0,0,0,0,0,0,0
Kent L. Jones,1999,0,0,0,0,0,0,0
Gregory S. Coleman,1999,0,0,0,0,0,0,0
Patricia A. Millett,1999,0,0,0,0,0,0,0
Carter G. Phillips,1999,0,0,0,0,0,0,0
Thomas C. Goldstein,1999,0,0,0,0,0,0,0
Robert Radasevich,1999,0,0,0,0,0,0,0
A. Benjamin Goldgar,1999,0,0,0,0,0,0,0
Lawrence G. Wallace,1999,0,0,0,0,0,0,0
"Frank Cicero, Jr.",1999,0,0,0,0,0,0,0
Daniel A. Small,1999,0,0,0,0,0,0,0
Thomas F. Gede,1999,0,0,0,0,0,0,0
George Waters,1999,0,0,0,0,0,0,0
Robert H. Brownlee,1999,0,0,0,0,0,0,0
"G. Eric Brunstad, Jr.",1999,0,0,0,0,0,0,0
Thomas A. Barnico,1999,0,0,0,0,0,0,0
Timothy B. Dyk,1999,0,0,0,0,0,0,0
Seth P. Waxman,1999,0,0,0,0,0,0,0
Joseph D. O'Neill,1999,0,0,0,0,0,0,0
Edward C. DuMont,1999,0,0,0,0,0,0,0
Lisa S. Gochman,1999,0,0,0,0,0,0,0
Michael E. Rosman,1999,0,0,0,0,0,0,0
Julie Goldscheid,1999,0,0,0,0,0,0,0
Seth P. Waxman,1999,0,0,0,0,0,0,0
Debra J. Dixon,1999,0,0,0,0,0,0,0
Jack A. Wheat,1999,0,0,0,0,0,0,0
Dennis P. Riordan,1999,0,0,0,0,0,0,0
Seth M. Hufstedler,1999,0,0,0,0,0,0,0
Rita La Lumia,1999,0,0,0,0,0,0,0
Paul R. Q. Wolfson,1999,0,0,0,0,0,0,0
Patricia A. Millett,1999,0,0,0,0,0,0,0
Taylor B. Smith,1999,0,0,0,0,0,0,0
Jim Waide,1999,0,0,0,0,0,0,0
Paul G. Cassell,1999,0,0,0,0,0,0,0
James W. Hundley,1999,0,0,0,0,0,0,0
Seth P. Waxman,1999,0,0,0,0,0,0,0
Donald J. McCauley,1999,0,0,0,0,0,0,0
David C. Frederick,1999,0,0,0,0,0,0,0
Donald M. Falk,1999,0,0,0,0,0,0,0
Michael R. Dreeben,1999,0,0,0,0,0,0,0
Mark E. Olive,1999,0,0,0,0,0,0,0
"Robert H. Anderson, III",1999,0,0,0,0,0,0,0
Beth S. Brinkmann,1999,0,0,0,0,0,0,0
Peter C. Hein,1999,0,0,0,0,0,0,0
"Robert A. Long, Jr.",1999,0,0,0,0,0,0,0
John Cornyn,1999,0,0,0,0,0,0,0
Jay A. Sekulow,1999,0,0,0,0,0,0,0
Anthony P. Griffin,1999,0,0,0,0,0,0,0
James K. Robinson,1999,0,0,0,0,0,0,0
Stephen P. Halbrook,1999,0,0,0,0,0,0,0
Donald R. Curry,1999,0,0,0,0,0,0,0
John H. Blume,1999,0,0,0,0,0,0,0
George A. Davidson,1999,0,0,0,0,0,0,0
Evan Wolfson,1999,0,0,0,0,0,0,0
Katherine P. Baldwin,1999,0,0,0,0,0,0,0
David I. Bruck,1999,0,0,0,0,0,0,0
Donald B. Stenberg,1999,0,0,0,0,0,0,0
Simon Heller,1999,0,0,0,0,0,0,0
H. Candace Gorman,2003,0,0,0,0,0,0,0
Edward L. Marshall,2003,0,0,0,0,0,0,0
Robert C. Owen,2003,0,0,0,0,0,0,0
"G. Eric Brunstad, Jr.",2003,0,0,0,0,0,0,0
David B. Salmons,2003,0,0,0,0,0,0,0
Rebecca J. Harper,2003,0,0,0,0,0,0,0
Thomas F. Jacobs,2003,0,0,0,0,0,0,0
Eric J. Olsson,2003,0,0,0,0,0,0,0
Patricia A. Millett,2003,0,0,0,0,0,0,0
Donald J. Ramsell,2003,0,0,0,0,0,0,0
Gary Feinerman,2003,0,0,0,0,0,0,0
Paul D. Clement,2003,0,0,0,0,0,0,0
Mark W. Biggerman,2003,0,0,0,0,0,0,0
"Donald B. Verrilli, Jr.",2003,0,0,0,0,0,0,0
Michael R. Dreeben,2003,0,0,0,0,0,0,0
Jill M. Wichlens,2003,0,0,0,0,0,0,0
Theodore B. Olson,2003,0,0,0,0,0,0,0
Michael K. Wolensky,2003,0,0,0,0,0,0,0
Kevin C. Newsom,2003,0,0,0,0,0,0,0
Carter G. Phillips,2003,0,0,0,0,0,0,0
Gregory G. Garre,2003,0,0,0,0,0,0,0
Ronald S. Molteni,2003,0,0,0,0,0,0,0
David A. Strauss,2003,0,0,0,0,0,0,0
James A. Feldman,2003,0,0,0,0,0,0,0
Edwin S. Kneedler,2003,0,0,0,0,0,0,0
Harold J. Krent,2003,0,0,0,0,0,0,0
Narda Pierce,2003,0,0,0,0,0,0,0
Jay A. Sekulow,2003,0,0,0,0,0,0,0
Theodore B. Olson,2003,0,0,0,0,0,0,0
Carter G. Phillips,2003,0,0,0,0,0,0,0
Theodore B. Olson,2003,0,0,0,0,0,0,0
Seth P. Waxman,2003,0,0,0,0,0,0,0
Barbara B. McDowell,2003,0,0,0,0,0,0,0
Andrew J. Harakas,2003,0,0,0,0,0,0,0
"H. Bartow Farr, III",2003,0,0,0,0,0,0,0
Amy M. Bartholow,2003,0,0,0,0,0,0,0
Karen K. Mitchell,2003,0,0,0,0,0,0,0
Irving L. Gornstein,2003,0,0,0,0,0,0,0
Jack William Campbell IV,2003,0,0,0,0,0,0,0
Malcolm L. Stewart,2003,0,0,0,0,0,0,0
David R. Haberbush,2003,0,0,0,0,0,0,0
Kent L. Jones,2003,0,0,0,0,0,0,0
Thomas J. Miller,2003,0,0,0,0,0,0,0
Malcolm L. Stewart,2003,0,0,0,0,0,0,0
Theresa R. Wilson,2003,0,0,0,0,0,0,0
"John P. Krill, Jr.",2003,0,0,0,0,0,0,0
Paul M. Smith,2003,0,0,0,0,0,0,0
J. Bart DeLone,2003,0,0,0,0,0,0,0
R. Timothy McCrum,2003,0,0,0,0,0,0,0
Thomas L. Sansonetti,2003,0,0,0,0,0,0,0
Ronald Eisenberg,2003,0,0,0,0,0,0,0
"Albert J. Flora, Jr.",2003,0,0,0,0,0,0,0
Daryl J. Brand,2003,0,0,0,0,0,0,0
Leonard H. Gerson,2003,0,0,0,0,0,0,0
Douglas R. Cole,2003,0,0,0,0,0,0,0
J. Andrew Nathan,2003,0,0,0,0,0,0,0
Michael W. Gross,2003,0,0,0,0,0,0,0
Terence J. Cassidy,2003,0,0,0,0,0,0,0
Michael A. Newdow,2003,0,0,0,0,0,0,0
Theodore B. Olson,2003,0,0,0,0,0,0,0
"John Knodell, III",2003,0,0,0,0,0,0,0
Jeffrey L. Fisher,2003,0,0,0,0,0,0,0
Michael R. Dreeben,2003,0,0,0,0,0,0,0
Jeffrey P. Minear,2003,0,0,0,0,0,0,0
Brian Wolfman,2003,0,0,0,0,0,0,0
Paul D. Clement,2003,0,0,0,0,0,0,0
William J. Brown,2003,0,0,0,0,0,0,0
Michael E. Moore,2003,0,0,0,0,0,0,0
Paul D. Clement,2003,0,0,0,0,0,0,0
Bobby R. Burchfield,2003,0,0,0,0,0,0,0
Kenneth W. Starr,2003,0,0,0,0,0,0,0
Jay A. Sekulow,2003,0,0,0,0,0,0,0
Theodore B. Olson,2003,0,0,0,0,0,0,0
Laurence E. Gold,2003,0,0,0,0,0,0,0
Seth P. Waxman,2003,0,0,0,0,0,0,0
Floyd Abrams,2003,0,0,0,0,0,0,0
John P. Elwood,2003,0,0,0,0,0,0,0
Deborah Jane Chuang,2003,0,0,0,0,0,0,0
Tara K. Allen,2003,0,0,0,0,0,0,0
William J. Boyce,2003,0,0,0,0,0,0,0
Roger B. Greenberg,2003,0,0,0,0,0,0,0
Lisa S. Blatt,2003,0,0,0,0,0,0,0
Steven F. Hubachek,2003,0,0,0,0,0,0,0
Marvin S. Cohen,2003,0,0,0,0,0,0,0
Thomas G. Hungar,2003,0,0,0,0,0,0,0
Samuel Goddard,2003,0,0,0,0,0,0,0
R. Ted Cruz,2003,0,0,0,0,0,0,0
Matthew D. Roberts,2003,0,0,0,0,0,0,0
Eric M. Albritton,2003,0,0,0,0,0,0,0
Miguel A. Estrada,2003,0,0,0,0,0,0,0
David C. Mattax,2003,0,0,0,0,0,0,0
George Parker Young,2003,0,0,0,0,0,0,0
James A. Feldman,2003,0,0,0,0,0,0,0
Matthew D. Roberts,2003,0,0,0,0,0,0,0
Conrad M. Troutman,2003,0,0,0,0,0,0,0
"James Al Holifield, Jr.",2003,0,0,0,0,0,0,0
Randall J. Roske,2003,0,0,0,0,0,0,0
David B. Salmons,2003,0,0,0,0,0,0,0
Jeffrey P. Minear,2003,0,0,0,0,0,0,0
Carter G. Phillips,2003,0,0,0,0,0,0,0
Patrick Lynch,2003,0,0,0,0,0,0,0
Seth P. Waxman,2003,0,0,0,0,0,0,0
Timothy S. Bishop,2003,0,0,0,0,0,0,0
Jeffrey P. Minear,2003,0,0,0,0,0,0,0
Dexter W. Lehtinen,2003,0,0,0,0,0,0,0
R. Ted Cruz,2003,0,0,0,0,0,0,0
Susan Finkelstein Zinn,2003,0,0,0,0,0,0,0
Michael R. Dreeben,2003,0,0,0,0,0,0,0
Seth P. Waxman,2003,0,0,0,0,0,0,0
Thomas G. Hungar,2003,0,0,0,0,0,0,0
Jonathan S. Franklin,2003,0,0,0,0,0,0,0
Dan Himmelfarb,2003,0,0,0,0,0,0,0
Michael G. Frick,2003,0,0,0,0,0,0,0
"Donald B. Verrilli, Jr.",2003,0,0,0,0,0,0,0
Richard G. Taranto,2003,0,0,0,0,0,0,0
Theodore B. Olson,2003,0,0,0,0,0,0,0
Lisa S. Blatt,2003,0,0,0,0,0,0,0
Thomas C. Goldstein,2003,0,0,0,0,0,0,0
Paul D. Clement,2003,0,0,0,0,0,0,0
Stephen G. Montoya,2003,0,0,0,0,0,0,0
Carter G. Phillips,2003,0,0,0,0,0,0,0
Jeffrey A. Lamken,2003,0,0,0,0,0,0,0
Abraham S. Alter,2003,0,0,0,0,0,0,0
Gary E. Bair,2003,0,0,0,0,0,0,0
Sri Srinivasan,2003,0,0,0,0,0,0,0
Nancy S. Forster,2003,0,0,0,0,0,0,0
Richard A. Cordray,2003,0,0,0,0,0,0,0
Vincent J. Kozakiewicz,2003,0,0,0,0,0,0,0
Austin C. Schlick,2003,0,0,0,0,0,0,0
E. King Poor,2003,0,0,0,0,0,0,0
Kent L. Jones,2003,0,0,0,0,0,0,0
James R. Figliulo,2003,0,0,0,0,0,0,0
Gena A. Bunn,2003,0,0,0,0,0,0,0
George H. Kendall,2003,0,0,0,0,0,0,0
Barbara B. McDowell,2003,0,0,0,0,0,0,0
Sylvia Antalis Goldsmith,2003,0,0,0,0,0,0,0
Seth P. Waxman,2003,0,0,0,0,0,0,0
John P. Elwood,2003,0,0,0,0,0,0,0
Thomas C. Goldstein,2003,0,0,0,0,0,0,0
David M. Gossett,2003,0,0,0,0,0,0,0
Thomas L. Casey,2003,0,0,0,0,0,0,0
Corinne A. Beckwith,2003,0,0,0,0,0,0,0
Steven C. Sherman,2003,0,0,0,0,0,0,0
Jeffrey L. Fisher,2003,0,0,0,0,0,0,0
Michael R. Dreeben,2003,0,0,0,0,0,0,0
Patricia A. Millett,2003,0,0,0,0,0,0,0
James Hamilton,2003,0,0,0,0,0,0,0
Allan J. Favish,2003,0,0,0,0,0,0,0
Dennis Balske,2003,0,0,0,0,0,0,0
Hardy Myers,2003,0,0,0,0,0,0,0
Edwin S. Kneedler,2003,0,0,0,0,0,0,0
Paul M. Smith,2003,0,0,0,0,0,0,0
Paul D. Clement,2003,0,0,0,0,0,0,0
Jennifer Martinez,2003,0,0,0,0,0,0,0
Edwin S. Kneedler,2003,0,0,0,0,0,0,0
Alexander F. Reichert,2003,0,0,0,0,0,0,0
Scott P. Cooper,2003,0,0,0,0,0,0,0
E. Randol Schoenberg,2003,0,0,0,0,0,0,0
Thomas G. Hungar,2003,0,0,0,0,0,0,0
Myra D Mossman,2003,0,0,0,0,0,0,0
Dan Himmelfarb,2003,0,0,0,0,0,0,0
Ann E. Beeson,2003,0,0,0,0,0,0,0
Theodore B. Olson,2003,0,0,0,0,0,0,0
Lisa M. Bassis,2003,0,0,0,0,0,0,0
Theodore B. Olson,2003,0,0,0,0,0,0,0
John J. Gibbons,2003,0,0,0,0,0,0,0
Paul D. Clement,2003,0,0,0,0,0,0,0
Carter G. Phillips,2003,0,0,0,0,0,0,0
Paul L. Hoffman,2003,0,0,0,0,0,0,0
Edwin S. Kneedler,2003,0,0,0,0,0,0,0
Jonathan Weissglass,2003,0,0,0,0,0,0,0
Andrew Stuart Birrell,2003,0,0,0,0,0,0,0
Michael R. Dreeben,2003,0,0,0,0,0,0,0
Alan B. Morrison,2003,0,0,0,0,0,0,0
Theodore B. Olson,2003,0,0,0,0,0,0,0
Paul J. Orfanedes,2003,0,0,0,0,0,0,0
"Frank W. Dunham, Jr.",2003,0,0,0,0,0,0,0
Gregory G. Garre,2003,0,0,0,0,0,0,0
Ken Murray,2003,0,0,0,0,0,0,0
John Pressley Todd,2003,0,0,0,0,0,0,0
James A. Feldman,2003,0,0,0,0,0,0,0
Sri Srinivasan,2003,0,0,0,0,0,0,0
Conrad Hafen,2003,0,0,0,0,0,0,0
Robert E. Dolan,2003,0,0,0,0,0,0,0
Stephen B. Bedrick,2003,0,0,0,0,0,0,0
Seth K. Schalit,2003,0,0,0,0,0,0,0
Paul D. Clement,2003,0,0,0,0,0,0,0
"Frank W. Dunham, Jr.",2003,0,0,0,0,0,0,0
Kevin C. Newsom,2003,0,0,0,0,0,0,0
Bryan A. Stevenson,2003,0,0,0,0,0,0,0
"R. Hewitt Pate, III",2003,0,0,0,0,0,0,0
Stephen M. Shapiro,2003,0,0,0,0,0,0,0
Thomas C. Goldstein,2003,0,0,0,0,0,0,0
Donald A. Bailey,2003,0,0,0,0,0,0,0
"John George Knorr, III",2003,0,0,0,0,0,0,0
Irving L. Gornstein,2003,0,0,0,0,0,0,0
Andrew H. Baida,2003,0,0,0,0,0,0,0
Stuart A. Raphael,2003,0,0,0,0,0,0,0
Carter G. Phillips,2004,0,0,0,0,0,0,0
Thomas G. Hungar,2004,0,0,0,0,0,0,0
David C. Frederick,2004,0,0,0,0,0,0,0
Jeffrey P. Minear,2004,0,0,0,0,0,0,0
William Bradford Reynolds,2004,0,0,0,0,0,0,0
Richard O. Faulk,2004,0,0,0,0,0,0,0
Lloyd B. Miller,2004,0,0,0,0,0,0,0
Sri Srinivasan,2004,0,0,0,0,0,0,0
Kenneth L. Thomas,2004,0,0,0,0,0,0,0
"Walter E. Dellinger, III",2004,0,0,0,0,0,0,0
Irving L. Gornstein,2004,0,0,0,0,0,0,0
David A. Moran,2004,0,0,0,0,0,0,0
Bernard E. Restuccia,2004,0,0,0,0,0,0,0
Gene C. Schaerr,2004,0,0,0,0,0,0,0
Andrea N. Cortina,2004,0,0,0,0,0,0,0
Dean R. Gits,2004,0,0,0,0,0,0,0
Thomas L. Casey,2004,0,0,0,0,0,0,0
Clint Bolick,2004,0,0,0,0,0,0,0
Kathleen M. Sullivan,2004,0,0,0,0,0,0,0
Caitlin J. Halligan,2004,0,0,0,0,0,0,0
Glen D. Nager,2004,0,0,0,0,0,0,0
Thomas C. Goldstein,2004,0,0,0,0,0,0,0
Edwin S. Kneedler,2004,0,0,0,0,0,0,0
Laurence H. Tribe,2004,0,0,0,0,0,0,0
Gregory G. Garre,2004,0,0,0,0,0,0,0
Henry J. Boynton,2004,0,0,0,0,0,0,0
Malcolm L. Stewart,2004,0,0,0,0,0,0,0
James H. Hanson,2004,0,0,0,0,0,0,0
"Robert Digges, Jr.",2004,0,0,0,0,0,0,0
Henry J. Boynton,2004,0,0,0,0,0,0,0
Malcolm L. Stewart,2004,0,0,0,0,0,0,0
James H. Hanson,2004,0,0,0,0,0,0,0
"Robert Digges, Jr.",2004,0,0,0,0,0,0,0
E. Joshua Rosenkranz,2004,0,0,0,0,0,0,0
Daryl Joseffer,2004,0,0,0,0,0,0,0
Mauricio A. Flores,2004,0,0,0,0,0,0,0
Jonathan L. Marcus,2004,0,0,0,0,0,0,0
Sharon C. Samek,2004,0,0,0,0,0,0,0
David B. Salmons,2004,0,0,0,0,0,0,0
David C. Frederick,2004,0,0,0,0,0,0,0
Thomas C. Goldstein,2004,0,0,0,0,0,0,0
Gregory G. Garre,2004,0,0,0,0,0,0,0
Paul D. Clement,2004,0,0,0,0,0,0,0
David J. Burman,2004,0,0,0,0,0,0,0
Pamela S. Karlan,2004,0,0,0,0,0,0,0
Colli C. McKiever,2004,0,0,0,0,0,0,0
Carter G. Phillips,2004,0,0,0,0,0,0,0
Kannon K. Shanmugam,2004,0,0,0,0,0,0,0
Paul L. Hoffman,2004,0,0,0,0,0,0,0
Paul D. Clement,2004,0,0,0,0,0,0,0
Randy E. Barnett,2004,0,0,0,0,0,0,0
Erwin Chemerinsky,2004,0,0,0,0,0,0,0
Jonathan B. Cole,2004,0,0,0,0,0,0,0
Erwin Chemerinsky,2004,0,0,0,0,0,0,0
Paul D. Clement,2004,0,0,0,0,0,0,0
Greg Abbott,2004,0,0,0,0,0,0,0
Jeffrey P. Minear,2004,0,0,0,0,0,0,0
Stuart L. Somach,2004,0,0,0,0,0,0,0
William M. Smiland,2004,0,0,0,0,0,0,0
James A. Feldman,2004,0,0,0,0,0,0,0
Jeffrey A. Lamken,2004,0,0,0,0,0,0,0
Seth P. Waxman,2004,0,0,0,0,0,0,0
Paul D. Clement,2004,0,0,0,0,0,0,0
Mathew D. Staver,2004,0,0,0,0,0,0,0
David A. Friedman,2004,0,0,0,0,0,0,0
Gregory S. Coleman,2004,0,0,0,0,0,0,0
Stephen M. Shapiro,2004,0,0,0,0,0,0,0
Thomas G. Hungar,2004,0,0,0,0,0,0,0
Douglas R. Cole,2004,0,0,0,0,0,0,0
Alan Edward Untereiner,2004,0,0,0,0,0,0,0
John Q. Lewis,2004,0,0,0,0,0,0,0
A. Hugo Blankingship,2004,0,0,0,0,0,0,0
Donald B. Ayer,2004,0,0,0,0,0,0,0
Lisa S. Blatt,2004,0,0,0,0,0,0,0
David C. Frederick,2004,0,0,0,0,0,0,0
Seth P. Waxman,2004,0,0,0,0,0,0,0
Thomas L. Casey,2004,0,0,0,0,0,0,0
David A. Moran,2004,0,0,0,0,0,0,0
Beth S. Brinkmann,2004,0,0,0,0,0,0,0
Michael Machat,2004,0,0,0,0,0,0,0
Patricia A. Millett,2004,0,0,0,0,0,0,0
"Joseph S. Sollers, III",2004,0,0,0,0,0,0,0
Dan Himmelfarb,2004,0,0,0,0,0,0,0
James R. Layton,2004,0,0,0,0,0,0,0
Seth P. Waxman,2004,0,0,0,0,0,0,0
Paul D. Clement,2004,0,0,0,0,0,0,0
Bert H. Deixler,2004,0,0,0,0,0,0,0
Frances T. Grunder,2004,0,0,0,0,0,0,0
Jeffrey J. Keyes,2004,0,0,0,0,0,0,0
Malcolm L. Stewart,2004,0,0,0,0,0,0,0
James B. Comey,2004,0,0,0,0,0,0,0
Randolph Stuart Phillips,2004,0,0,0,0,0,0,0
Maureen A. Hart,2004,0,0,0,0,0,0,0
Laura W. Brill,2004,0,0,0,0,0,0,0
Michael R. Dreeben,2004,0,0,0,0,0,0,0
Paul D. Boas,2004,0,0,0,0,0,0,0
Patricia A. Millett,2004,0,0,0,0,0,0,0
"Frederick E. Connelly, Jr.",2004,0,0,0,0,0,0,0
Lisa S. Blatt,2004,0,0,0,0,0,0,0
David B. Kaplan,2004,0,0,0,0,0,0,0
Malcolm L. Stewart,2004,0,0,0,0,0,0,0
Michael R. Smith,2004,0,0,0,0,0,0,0
Ira S. Sacks,2004,0,0,0,0,0,0,0
Caitlin J. Halligan,2004,0,0,0,0,0,0,0
Cathryn A. Neaves,2004,0,0,0,0,0,0,0
David J. Nathanson,2004,0,0,0,0,0,0,0
Sri Srinivasan,2004,0,0,0,0,0,0,0
Edwin S. Kneedler,2004,0,0,0,0,0,0,0
John S. Mills,2004,0,0,0,0,0,0,0
Christine S. Dahl,2004,0,0,0,0,0,0,0
James R. Carty,2004,0,0,0,0,0,0,0
David B. Salmons,2004,0,0,0,0,0,0,0
Philip N. Jones,2004,0,0,0,0,0,0,0
Roberto A. Lange,2004,0,0,0,0,0,0,0
Lawrence E. Long,2004,0,0,0,0,0,0,0
John P. Elwood,2004,0,0,0,0,0,0,0
Linda J. Thompson,2004,0,0,0,0,0,0,0
Ralph E. Meczyk,2004,0,0,0,0,0,0,0
Lisa Madigan,2004,0,0,0,0,0,0,0
Christopher A. Wray,2004,0,0,0,0,0,0,0
Edward H. Tillinghast,2004,0,0,0,0,0,0,0
Irving L. Gornstein,2004,0,0,0,0,0,0,0
George S. Lemieux,2004,0,0,0,0,0,0,0
Patrick J. Coughlin,2004,0,0,0,0,0,0,0
William F. Sullivan,2004,0,0,0,0,0,0,0
Thomas G. Hungar,2004,0,0,0,0,0,0,0
Ronnie M. Mitchell,2004,0,0,0,0,0,0,0
"James M. Hood, III",2004,0,0,0,0,0,0,0
Ronald Eisenberg,2004,0,0,0,0,0,0,0
David Wycoff,2004,0,0,0,0,0,0,0
Gena A. Bunn,2004,0,0,0,0,0,0,0
Seth P. Waxman,2004,0,0,0,0,0,0,0
Courtland L. Reichman,2004,0,0,0,0,0,0,0
Dan Himmelfarb,2004,0,0,0,0,0,0,0
Paul D. Clement,2004,0,0,0,0,0,0,0
Douglas R. Cole,2004,0,0,0,0,0,0,0
David A. Goldberger,2004,0,0,0,0,0,0,0
Paul D. Clement,2004,0,0,0,0,0,0,0
T. Christopher Kelly,2004,0,0,0,0,0,0,0
Rosemary Curran Scapicchio,2004,0,0,0,0,0,0,0
Scott G. Bullock,2004,0,0,0,0,0,0,0
Wesley W. Horton,2004,0,0,0,0,0,0,0
Mark J. Bennett,2004,0,0,0,0,0,0,0
Edwin S. Kneedler,2004,0,0,0,0,0,0,0
Craig E. Stewart,2004,0,0,0,0,0,0,0
"Christopher G. Browning, Jr.",2004,0,0,0,0,0,0,0
Mark T. Hurt,2004,0,0,0,0,0,0,0
Douglas Hallward-Driemeier,2004,0,0,0,0,0,0,0
Paul T. Cappuccio,2004,0,0,0,0,0,0,0
Thomas G. Hungar,2004,0,0,0,0,0,0,0
Thomas C. Goldstein,2004,0,0,0,0,0,0,0
John C. Eastman,2004,0,0,0,0,0,0,0
John P. Elwood,2004,0,0,0,0,0,0,0
Brian J. Reichel,2004,0,0,0,0,0,0,0
Paul F. Utrecht,2004,0,0,0,0,0,0,0
Seth P. Waxman,2004,0,0,0,0,0,0,0
Maureen E. Mahoney,2004,0,0,0,0,0,0,0
Michael R. Dreeben,2004,0,0,0,0,0,0,0
"Wellon B. Poe, Jr.",2004,0,0,0,0,0,0,0
James C. Linger,2004,0,0,0,0,0,0,0
Paul D. Clement,2004,0,0,0,0,0,0,0
"Donald B. Verrilli, Jr.",2004,0,0,0,0,0,0,0
Richard G. Taranto,2004,0,0,0,0,0,0,0
Deanne E. Maynard,2004,0,0,0,0,0,0,0
James M. Petro,2004,0,0,0,0,0,0,0
Jules Lobel,2004,0,0,0,0,0,0,0
Matthew M. Shors,2004,0,0,0,0,0,0,0
Jennifer L. Smith,2004,0,0,0,0,0,0,0
Janice L. Bergmann,2004,0,0,0,0,0,0,0
James A. Feldman,2004,0,0,0,0,0,0,0
Cheryl C. Nield,2004,0,0,0,0,0,0,0
Rosemary E. Percival,2004,0,0,0,0,0,0,0
Amy Zapp,2004,0,0,0,0,0,0,0
Billy H. Nolas,2004,0,0,0,0,0,0,0
Matthew K.M. Chan,2004,0,0,0,0,0,0,0
Lisa S. Blatt,2004,0,0,0,0,0,0,0
David M. Porter,2004,0,0,0,0,0,0,0
R. Ted Cruz,2004,0,0,0,0,0,0,0
Michael R. Dreeben,2004,0,0,0,0,0,0,0
Donald Francis Donovan,2004,0,0,0,0,0,0,0
Eric H. Zagrans,2004,0,0,0,0,0,0,0
Irving L. Gornstein,2004,0,0,0,0,0,0,0
Michael C. Walton,2004,0,0,0,0,0,0,0
Douglas R. Cole,2004,0,0,0,0,0,0,0
Alan M. Freedman,2004,0,0,0,0,0,0,0
Christopher M. Kise,2004,0,0,0,0,0,0,0
Patricia A. Millett,2004,0,0,0,0,0,0,0
Paul M. Rashkind,2004,0,0,0,0,0,0,0
Stephen B. Bedrick,2004,0,0,0,0,0,0,0
Seth K. Schalit,2004,0,0,0,0,0,0,0
Carter G. Phillips,2004,0,0,0,0,0,0,0
Eugene E. Stearns,2004,0,0,0,0,0,0,0
"Robert A. Long, Jr.",2004,0,0,0,0,0,0,0
Donald B. Ayer,2004,0,0,0,0,0,0,0
David W. Robbins,2004,0,0,0,0,0,0,0
James A. Feldman,2004,0,0,0,0,0,0,0
John B. Draper,2004,0,0,0,0,0,0,0
Jeffrey P. Minear,2004,0,0,0,0,0,0,0
Jonathan S. Franklin,2004,0,0,0,0,0,0,0
Carter G. Phillips,2005,0,0,0,0,0,0,0
Carter G. Phillips,2005,0,0,0,0,0,0,0
Irving L. Gornstein,2005,0,0,0,0,0,0,0
Irving L. Gornstein,2005,0,0,0,0,0,0,0
Thomas C. Goldstein,2005,0,0,0,0,0,0,0
Thomas C. Goldstein,2005,0,0,0,0,0,0,0
Richard A. De Palma,2005,0,0,0,0,0,0,0
Paul D. Clement,2005,0,0,0,0,0,0,0
Timothy A. Stoepker,2005,0,0,0,0,0,0,0
M. Reed Hopper,2005,0,0,0,0,0,0,0
William E. Thro,2005,0,0,0,0,0,0,0
Mark T. Stancil,2005,0,0,0,0,0,0,0
Peter Gartlan,2005,0,0,0,0,0,0,0
Gregory G. Garre,2005,0,0,0,0,0,0,0
Mary H. Williams,2005,0,0,0,0,0,0,0
Paula K. Smith,2005,0,0,0,0,0,0,0
Michael R. Dreeben,2005,0,0,0,0,0,0,0
Thomas C. Goldstein,2005,0,0,0,0,0,0,0
Edwin S. Kneedler,2005,0,0,0,0,0,0,0
Nancy Hollander,2005,0,0,0,0,0,0,0
Pamela S. Karlan,2005,0,0,0,0,0,0,0
Malcolm L. Stewart,2005,0,0,0,0,0,0,0
Jan T. Chilton,2005,0,0,0,0,0,0,0
Samuel H. Heldman,2005,0,0,0,0,0,0,0
Jennifer E. Dalven,2005,0,0,0,0,0,0,0
Kelly A. Ayotte,2005,0,0,0,0,0,0,0
Paul D. Clement,2005,0,0,0,0,0,0,0
E. Joshua Rosenkranz,2005,0,0,0,0,0,0,0
Phill Kline,2005,0,0,0,0,0,0,0
Rebecca E. Woodman,2005,0,0,0,0,0,0,0
Sri Srinivasan,2005,0,0,0,0,0,0,0
Andrew L. Frey,2005,0,0,0,0,0,0,0
James R. Gilreath,2005,0,0,0,0,0,0,0
Paul D. Clement,2005,0,0,0,0,0,0,0
Gregory A. Castanias,2005,0,0,0,0,0,0,0
Gregory Andrew Castanias,2005,0,0,0,0,0,0,0
Samuel R. Bagenstos,2005,0,0,0,0,0,0,0
Gene C. Schaerr,2005,0,0,0,0,0,0,0
Erwin Chemerinsky,2005,0,0,0,0,0,0,0
Lisa S. Blatt,2005,0,0,0,0,0,0,0
Alan Edward Untereiner,2005,0,0,0,0,0,0,0
"F. Paul Bland, Jr.",2005,0,0,0,0,0,0,0
Christopher Landau,2005,0,0,0,0,0,0,0
J. Brett Busby,2005,0,0,0,0,0,0,0
Christopher M. Kise,2005,0,0,0,0,0,0,0
Douglas Hallward-Driemeier,2005,0,0,0,0,0,0,0
Donald John Zelenka,2005,0,0,0,0,0,0,0
John H. Blume,2005,0,0,0,0,0,0,0
Steffen N. Johnson,2005,0,0,0,0,0,0,0
Andrew J. Pincus,2005,0,0,0,0,0,0,0
Kathleen M. Sullivan,2005,0,0,0,0,0,0,0
Thomas G. Hungar,2005,0,0,0,0,0,0,0
Allison M. Zieve,2005,0,0,0,0,0,0,0
Douglas Hallward-Driemeier,2005,0,0,0,0,0,0,0
Timothy A. Baughman,2005,0,0,0,0,0,0,0
David A. Moran,2005,0,0,0,0,0,0,0
David B. Salmons,2005,0,0,0,0,0,0,0
Jay B. Kasner,2005,0,0,0,0,0,0,0
Thomas G. Hungar,2005,0,0,0,0,0,0,0
David C. Frederick,2005,0,0,0,0,0,0,0
Sri Srinivasan,2005,0,0,0,0,0,0,0
David M. Gossett,2005,0,0,0,0,0,0,0
Michael R. Dreeben,2005,0,0,0,0,0,0,0
Mark J. Reichel,2005,0,0,0,0,0,0,0
Michael T. Kirkpatrick,2005,0,0,0,0,0,0,0
Carter G. Phillips,2005,0,0,0,0,0,0,0
James A. Feldman,2005,0,0,0,0,0,0,0
Edwin S. Kneedler,2005,0,0,0,0,0,0,0
Patrick F. McCartan,2005,0,0,0,0,0,0,0
Herbert David Blair,2005,0,0,0,0,0,0,0
Patricia A. Millett,2005,0,0,0,0,0,0,0
"William J. Kayatta, Jr.",2005,0,0,0,0,0,0,0
Jeffrey P. Minear,2005,0,0,0,0,0,0,0
G. Steven Rowe,2005,0,0,0,0,0,0,0
"James Bopp, Jr.",2005,0,0,0,0,0,0,0
William H. Sorrell,2005,0,0,0,0,0,0,0
Brenda Wright,2005,0,0,0,0,0,0,0
"G. Eric Brunstad, Jr.",2005,0,0,0,0,0,0,0
Deanne E. Maynard,2005,0,0,0,0,0,0,0
Kent L. Richland,2005,0,0,0,0,0,0,0
Paul D. Clement,2005,0,0,0,0,0,0,0
"James Bopp, Jr.",2005,0,0,0,0,0,0,0
Miguel A. Estrada,2005,0,0,0,0,0,0,0
R. Jonathan Hart,2005,0,0,0,0,0,0,0
Dan Himmelfarb,2005,0,0,0,0,0,0,0
Peter Enrich,2005,0,0,0,0,0,0,0
Douglas R. Cole,2005,0,0,0,0,0,0,0
Theodore B. Olson,2005,0,0,0,0,0,0,0
Jere Krakoff,2005,0,0,0,0,0,0,0
Jonathan L. Marcus,2005,0,0,0,0,0,0,0
Louis J. Rovelli,2005,0,0,0,0,0,0,0
Kenneth W. Ravenell,2005,0,0,0,0,0,0,0
James A. Feldman,2005,0,0,0,0,0,0,0
Kathryn Grill Graeff,2005,0,0,0,0,0,0,0
Kevin P. Roddy,2005,0,0,0,0,0,0,0
David C. Frederick,2005,0,0,0,0,0,0,0
Bonnie I. Robin-Vergeer,2005,0,0,0,0,0,0,0
Dan Himmelfarb,2005,0,0,0,0,0,0,0
Cindy S. Lee,2005,0,0,0,0,0,0,0
Mark R. Drozdowski,2005,0,0,0,0,0,0,0
William W. Lockyer,2005,0,0,0,0,0,0,0
Maureen E. Mahoney,2005,0,0,0,0,0,0,0
Allen Lichtenstein,2005,0,0,0,0,0,0,0
Burck Bailey,2005,0,0,0,0,0,0,0
Malcolm L. Stewart,2005,0,0,0,0,0,0,0
Robert A. Schroeder,2005,0,0,0,0,0,0,0
Miguel A. Estrada,2005,0,0,0,0,0,0,0
Thomas G. Hungar,2005,0,0,0,0,0,0,0
Jonathan S. Franklin,2005,0,0,0,0,0,0,0
Paul D. Clement,2005,0,0,0,0,0,0,0
Robert Moorehead Atkinson,2005,0,0,0,0,0,0,0
Edwin S. Kneedler,2005,0,0,0,0,0,0,0
Theodore B. Olson,2005,0,0,0,0,0,0,0
Ian H. Gershengorn,2005,0,0,0,0,0,0,0
David B. Salmons,2005,0,0,0,0,0,0,0
William H. Hurd,2005,0,0,0,0,0,0,0
Gregory G. Garre,2005,0,0,0,0,0,0,0
Gregory P. Joseph,2005,0,0,0,0,0,0,0
David C. Frederick,2005,0,0,0,0,0,0,0
Catherine Baker Chatman,2005,0,0,0,0,0,0,0
Catherine Baker Chatman,2005,0,0,0,0,0,0,0
Reginald Chavis,2005,0,0,0,0,0,0,0
Peter K. Stris,2005,0,0,0,0,0,0,0
Peter K. Stris,2005,0,0,0,0,0,0,0
Thomas G. Cotter,2005,0,0,0,0,0,0,0
Deanne E. Maynard,2005,0,0,0,0,0,0,0
Jeffrey P. Minear,2005,0,0,0,0,0,0,0
Glen D. Nager,2005,0,0,0,0,0,0,0
Joseph Michaelangelo Alioto,2005,0,0,0,0,0,0,0
Patricia A. Millett,2005,0,0,0,0,0,0,0
James R. Radmore,2005,0,0,0,0,0,0,0
Lisa S. Blatt,2005,0,0,0,0,0,0,0
Brian Wolfman,2005,0,0,0,0,0,0,0
William E. Thro,2005,0,0,0,0,0,0,0
Kim Martin Lewis,2005,0,0,0,0,0,0,0
Stephen M. Kissinger,2005,0,0,0,0,0,0,0
Jennifer L. Smith,2005,0,0,0,0,0,0,0
"Roy T. Englert, Jr.",2005,0,0,0,0,0,0,0
Carter G. Phillips,2005,0,0,0,0,0,0,0
Thomas G. Hungar,2005,0,0,0,0,0,0,0
Kannon K. Shanmugam,2005,0,0,0,0,0,0,0
Mary H. Williams,2005,0,0,0,0,0,0,0
Richard L. Wolf,2005,0,0,0,0,0,0,0
Brett John Prendergast,2005,0,0,0,0,0,0,0
Jeffrey A. Schwartz,2005,0,0,0,0,0,0,0
Daryl Joseffer,2005,0,0,0,0,0,0,0
Jonathan L. Marcus,2005,0,0,0,0,0,0,0
Ronald E. Niver,2005,0,0,0,0,0,0,0
"Robert A. Long, Jr.",2005,0,0,0,0,0,0,0
Jane N. Kirkland,2005,0,0,0,0,0,0,0
Nina Rivkind,2005,0,0,0,0,0,0,0
"Donald B. Verrilli, Jr.",2005,0,0,0,0,0,0,0
"Donald B. Verrilli, Jr.",2005,0,0,0,0,0,0,0
Paul Farrell Strain,2005,0,0,0,0,0,0,0
Paul Farrell Strain,2005,0,0,0,0,0,0,0
Jeffrey P. Minear,2005,0,0,0,0,0,0,0
Carter G. Phillips,2005,0,0,0,0,0,0,0
Seth P. Waxman,2005,0,0,0,0,0,0,0
Raymond G. Kuntz,2005,0,0,0,0,0,0,0
David C. Vladeck,2005,0,0,0,0,0,0,0
David B. Salmons,2005,0,0,0,0,0,0,0
Neal Kumar Katyal,2005,0,0,0,0,0,0,0
Paul D. Clement,2005,0,0,0,0,0,0,0
Thomas J. Stock,2005,0,0,0,0,0,0,0
Sri Srinivasan,2005,0,0,0,0,0,0,0
Anthony F. Shelley,2005,0,0,0,0,0,0,0
R. Ted Cruz,2005,0,0,0,0,0,0,0
Nina Perales,2005,0,0,0,0,0,0,0
Paul M. Smith,2005,0,0,0,0,0,0,0
Gregory G. Garre,2005,0,0,0,0,0,0,0
Carter G. Phillips,2005,0,0,0,0,0,0,0
Donald A. Donati,2005,0,0,0,0,0,0,0
Gregory G. Garre,2005,0,0,0,0,0,0,0
Gregory S. Coleman,2005,0,0,0,0,0,0,0
Peter K. Stris,2005,0,0,0,0,0,0,0
James A. Feldman,2005,0,0,0,0,0,0,0
Jeffrey L. Fisher,2005,0,0,0,0,0,0,0
Michael R. Dreeben,2005,0,0,0,0,0,0,0
Mark A. Perry,2005,0,0,0,0,0,0,0
David C. Frederick,2005,0,0,0,0,0,0,0
Jennifer G. Perkell,2005,0,0,0,0,0,0,0
Dan Himmelfarb,2005,0,0,0,0,0,0,0
Meir Feder,2005,0,0,0,0,0,0,0
Carter G. Phillips,2005,0,0,0,0,0,0,0
Malcolm L. Stewart,2005,0,0,0,0,0,0,0
Howard W. Foster,2005,0,0,0,0,0,0,0
Paul J. McNulty,2005,0,0,0,0,0,0,0
Michael Patrick Studebaker,2005,0,0,0,0,0,0,0
Jeffrey S. Gray,2005,0,0,0,0,0,0,0
Jeffrey L. Fisher,2005,0,0,0,0,0,0,0
Michael R. Dreeben,2005,0,0,0,0,0,0,0
James M. Whisman,2005,0,0,0,0,0,0,0
Richard D. Friedman,2005,0,0,0,0,0,0,0
Thomas M. Fisher,2005,0,0,0,0,0,0,0
Irving L. Gornstein,2005,0,0,0,0,0,0,0
Paul D. Clement,2005,0,0,0,0,0,0,0
Randall M. Howe,2005,0,0,0,0,0,0,0
David I. Goldberg,2005,0,0,0,0,0,0,0
Edward Scott Zas,2005,0,0,0,0,0,0,0
Daryl Joseffer,2005,0,0,0,0,0,0,0
J. Craig Jett,2005,0,0,0,0,0,0,0
Irving L. Gornstein,2005,0,0,0,0,0,0,0
Gregory C. Link,2005,0,0,0,0,0,0,0
James M. Whisman,2005,0,0,0,0,0,0,0
Carolyn M. Snurkowski,2005,0,0,0,0,0,0,0
Kannon K. Shanmugam,2005,0,0,0,0,0,0,0
D. Todd Doss,2005,0,0,0,0,0,0,0
Thomas G. Hungar,2006,0,0,0,0,0,0,0
Thomas G. Hungar,2006,0,0,0,0,0,0,0
James W. Dabney,2006,0,0,0,0,0,0,0
James W. Dabney,2006,0,0,0,0,0,0,0
Thomas C. Goldstein,2006,0,0,0,0,0,0,0
Thomas C. Goldstein,2006,0,0,0,0,0,0,0
Kevin K. Russell,2006,0,0,0,0,0,0,0
Glen D. Nager,2006,0,0,0,0,0,0,0
Irving L. Gornstein,2006,0,0,0,0,0,0,0
James R. Milkey,2006,0,0,0,0,0,0,0
Gregory G. Garre,2006,0,0,0,0,0,0,0
Thomas O. Barnett,2006,0,0,0,0,0,0,0
Michael K. Kellogg,2006,0,0,0,0,0,0,0
J. Douglas Richards,2006,0,0,0,0,0,0,0
Carla E. Eldred,2006,0,0,0,0,0,0,0
Edward L. Marshall,2006,0,0,0,0,0,0,0
Robert C. Owen,2006,0,0,0,0,0,0,0
Jordan Steiker,2006,0,0,0,0,0,0,0
R. Ted Cruz,2006,0,0,0,0,0,0,0
Gene C. Schaerr,2006,0,0,0,0,0,0,0
Christopher Lovell,2006,0,0,0,0,0,0,0
Benna Ruth Solomon,2006,0,0,0,0,0,0,0
Kenneth N. Flaxman,2006,0,0,0,0,0,0,0
Robert S. Peck,2006,0,0,0,0,0,0,0
Andrew L. Frey,2006,0,0,0,0,0,0,0
Maureen E. Mahoney,2006,0,0,0,0,0,0,0
Maria T. Vullo,2006,0,0,0,0,0,0,0
Malcolm L. Stewart,2006,0,0,0,0,0,0,0
David C. Frederick,2006,0,0,0,0,0,0,0
Irving L. Gornstein,2006,0,0,0,0,0,0,0
Theodore B. Olson,2006,0,0,0,0,0,0,0
E. John Blanchard,2006,0,0,0,0,0,0,0
Sri Srinivasan,2006,0,0,0,0,0,0,0
"Robert A. Long, Jr.",2006,0,0,0,0,0,0,0
Michael J. Cahill,2006,0,0,0,0,0,0,0
Evan Mark Tager,2006,0,0,0,0,0,0,0
Caitlin J. Halligan,2006,0,0,0,0,0,0,0
Paul D. Clement,2006,0,0,0,0,0,0,0
Eve C. Gartner,2006,0,0,0,0,0,0,0
"G. Eric Brunstad, Jr.",2006,0,0,0,0,0,0,0
E. Joshua Rosenkranz,2006,0,0,0,0,0,0,0
M. Miller Baker,2006,0,0,0,0,0,0,0
Matthew D. Roberts,2006,0,0,0,0,0,0,0
Julia P. Clark,2006,0,0,0,0,0,0,0
Leigh Marc Manasevit,2006,0,0,0,0,0,0,0
Ronald J. VanAmberg,2006,0,0,0,0,0,0,0
Sri Srinivasan,2006,0,0,0,0,0,0,0
Francis S. Ainsa Jr,2006,0,0,0,0,0,0,0
Deanne E. Maynard,2006,0,0,0,0,0,0,0
Kent E. Cattani,2006,0,0,0,0,0,0,0
"Donald B. Verrilli, Jr.",2006,0,0,0,0,0,0,0
Paul D. Clement,2006,0,0,0,0,0,0,0
Robert M. McKenna,2006,0,0,0,0,0,0,0
John M. West,2006,0,0,0,0,0,0,0
Christopher J. Meade,2006,0,0,0,0,0,0,0
Dan Himmelfarb,2006,0,0,0,0,0,0,0
Philip W. Savrin,2006,0,0,0,0,0,0,0
Gregory G. Garre,2006,0,0,0,0,0,0,0
Craig T. Jones,2006,0,0,0,0,0,0,0
Paul D. Clement,2006,0,0,0,0,0,0,0
Paul D. Clement,2006,0,0,0,0,0,0,0
Priscilla J. Smith,2006,0,0,0,0,0,0,0
Andrew J. Pincus,2006,0,0,0,0,0,0,0
Kannon K. Shanmugam,2006,0,0,0,0,0,0,0
Michael E. Haglund,2006,0,0,0,0,0,0,0
Eric S. Multhaup,2006,0,0,0,0,0,0,0
Mark A. Johnson,2006,0,0,0,0,0,0,0
Timothy Crooks,2006,0,0,0,0,0,0,0
Edwin S. Kneedler,2006,0,0,0,0,0,0,0
"Robert A. Long, Jr.",2006,0,0,0,0,0,0,0
Douglas Hallward-Driemeier,2006,0,0,0,0,0,0,0
Eric Grant,2006,0,0,0,0,0,0,0
George J. Chanos,2006,0,0,0,0,0,0,0
Franny A. Forsman,2006,0,0,0,0,0,0,0
Irving L. Gornstein,2006,0,0,0,0,0,0,0
John G. Kester,2006,0,0,0,0,0,0,0
Maureen E. Mahoney,2006,0,0,0,0,0,0,0
Deanne E. Maynard,2006,0,0,0,0,0,0,0
Peter Gold,2006,0,0,0,0,0,0,0
Jeffrey M.K. Laurence,2006,0,0,0,0,0,0,0
Daryl Joseffer,2006,0,0,0,0,0,0,0
Jeffrey A. Lamken,2006,0,0,0,0,0,0,0
"Roy T. Englert, Jr.",2006,0,0,0,0,0,0,0
James A. Feldman,2006,0,0,0,0,0,0,0
Jeffrey L. Fisher,2006,0,0,0,0,0,0,0
Linda M. Olivieri,2006,0,0,0,0,0,0,0
Jean-Claude Andre,2006,0,0,0,0,0,0,0
Carter G. Phillips,2006,0,0,0,0,0,0,0
Mary L. Perry,2006,0,0,0,0,0,0,0
David W. Fermino,2006,0,0,0,0,0,0,0
David Wayne Fermino,2006,0,0,0,0,0,0,0
Gregory A. Ott,2006,0,0,0,0,0,0,0
Carter G. Phillips,2006,0,0,0,0,0,0,0
Thomas G. Hungar,2006,0,0,0,0,0,0,0
Sean H. Donahue,2006,0,0,0,0,0,0,0
David C. Frederick,2006,0,0,0,0,0,0,0
Douglas Hallward-Driemeier,2006,0,0,0,0,0,0,0
Leonard B. Simon,2006,0,0,0,0,0,0,0
Mary Catherine Bonner,2006,0,0,0,0,0,0,0
Christopher M. Kise,2006,0,0,0,0,0,0,0
Paul D. Clement,2006,0,0,0,0,0,0,0
Harry J.F. Korrell,2006,0,0,0,0,0,0,0
Michael F. Madden,2006,0,0,0,0,0,0,0
Paul D. Clement,2006,0,0,0,0,0,0,0
"Francis J. Mellen, Jr.",2006,0,0,0,0,0,0,0
Teddy B. Gordon,2006,0,0,0,0,0,0,0
William B. Collins,2006,0,0,0,0,0,0,0
Matthew D. Roberts,2006,0,0,0,0,0,0,0
Jeffrey L. Fisher,2006,0,0,0,0,0,0,0
Craig L. Crawford,2006,0,0,0,0,0,0,0
Jonathan L. Marcus,2006,0,0,0,0,0,0,0
Jean-Claude Andre,2006,0,0,0,0,0,0,0
David B. Salmons,2006,0,0,0,0,0,0,0
Pierre H. Bergeron,2006,0,0,0,0,0,0,0
David G. Baker,2006,0,0,0,0,0,0,0
"G. Eric Brunstad, Jr.",2006,0,0,0,0,0,0,0
Lisa S. Blatt,2006,0,0,0,0,0,0,0
Atmore Baggot,2006,0,0,0,0,0,0,0
Michael R. Dreeben,2006,0,0,0,0,0,0,0
Gregory A. Castanias,2006,0,0,0,0,0,0,0
Gregory A. Castanias,2006,0,0,0,0,0,0,0
Gregory Andrew Castanias,2006,0,0,0,0,0,0,0
Douglas Hallward-Driemeier,2006,0,0,0,0,0,0,0
Ann-Michele G. Higgins,2006,0,0,0,0,0,0,0
Beth S. Brinkmann,2006,0,0,0,0,0,0,0
Seth P. Waxman,2006,0,0,0,0,0,0,0
John J.P. Howley,2006,0,0,0,0,0,0,0
Sri Srinivasan,2006,0,0,0,0,0,0,0
Michael A. Cardozo,2006,0,0,0,0,0,0,0
Andrea K. Spillars,2006,0,0,0,0,0,0,0
John H. Blume,2006,0,0,0,0,0,0,0
Thomas E. Redding,2006,0,0,0,0,0,0,0
Suzanne Lee Elliott,2006,0,0,0,0,0,0,0
Theodore B. Olson,2006,0,0,0,0,0,0,0
Thomas G. Hungar,2006,0,0,0,0,0,0,0
Robert W. Coykendall,2006,0,0,0,0,0,0,0
Barbara D. Underwood,2006,0,0,0,0,0,0,0
Carter G. Phillips,2006,0,0,0,0,0,0,0
Kannon K. Shanmugam,2006,0,0,0,0,0,0,0
Arthur R. Miller,2006,0,0,0,0,0,0,0
Victor S. Haltom,2006,0,0,0,0,0,0,0
Paul Mancino Jr.,2006,0,0,0,0,0,0,0
William P. Marshall,2006,0,0,0,0,0,0,0
Seth M. Galanter,2006,0,0,0,0,0,0,0
Michael R. Dreeben,2006,0,0,0,0,0,0,0
Michael Dwyer,2006,0,0,0,0,0,0,0
Thomas G. Hungar,2006,0,0,0,0,0,0,0
Owen T. Armstrong Jr.,2006,0,0,0,0,0,0,0
Jay D. Geck,2006,0,0,0,0,0,0,0
Thomas N. Cochran,2006,0,0,0,0,0,0,0
Michael R. Dreeben,2006,0,0,0,0,0,0,0
Harold C. Becker,2006,0,0,0,0,0,0,0
Thomas E. Caballero,2006,0,0,0,0,0,0,0
Jean M. Manning,2006,0,0,0,0,0,0,0
Richard A. Salzman,2006,0,0,0,0,0,0,0
Gregory W. Wiercioch,2006,0,0,0,0,0,0,0
R. Ted Cruz,2006,0,0,0,0,0,0,0
Elizabeth M. Campbell,2006,0,0,0,0,0,0,0
Clifford E. Zall,2006,0,0,0,0,0,0,0
Michael K. Kellogg,2006,0,0,0,0,0,0,0
Scott A. Shorr,2006,0,0,0,0,0,0,0
Maureen E. Mahoney,2006,0,0,0,0,0,0,0
Steve Bullock,2006,0,0,0,0,0,0,0
Peter Kenneth Michael,2006,0,0,0,0,0,0,0
William M. Jay,2006,0,0,0,0,0,0,0
Todd G. Vare,2007,0,0,0,0,0,0,0
Matthew D. Roberts,2007,0,0,0,0,0,0,0
Terry M. Boudreaux,2007,0,0,0,0,0,0,0
Stephen B. Bright,2007,0,0,0,0,0,0,0
Robert D. Klausner,2007,0,0,0,0,0,0,0
Malcolm L. Stewart,2007,0,0,0,0,0,0,0
Michael R. Dreeben,2007,0,0,0,0,0,0,0
Thomas C. Goldstein,2007,0,0,0,0,0,0,0
Nicole A. Saharsky,2007,0,0,0,0,0,0,0
Jeffrey L. Fisher,2007,0,0,0,0,0,0,0
Margaret A. Katze,2007,0,0,0,0,0,0,0
Leondra R. Kruger,2007,0,0,0,0,0,0,0
Lisa S. Blatt,2007,0,0,0,0,0,0,0
Brent E. Newton,2007,0,0,0,0,0,0,0
Malcolm L. Stewart,2007,0,0,0,0,0,0,0
Jeffrey K. Haynes,2007,0,0,0,0,0,0,0
Edwin S. Kneedler,2007,0,0,0,0,0,0,0
Christopher J. Meade,2007,0,0,0,0,0,0,0
Paul D. Clement,2007,0,0,0,0,0,0,0
Seth P. Waxman,2007,0,0,0,0,0,0,0
Edwin S. Kneedler,2007,0,0,0,0,0,0,0
Charles A. Rothfeld,2007,0,0,0,0,0,0,0
Robert A. Swift,2007,0,0,0,0,0,0,0
Dennis E. Egan,2007,0,0,0,0,0,0,0
"Paul W. Cane, Jr.",2007,0,0,0,0,0,0,0
Gregory G. Garre,2007,0,0,0,0,0,0,0
Andrew J. Pincus,2007,0,0,0,0,0,0,0
Malcolm L. Stewart,2007,0,0,0,0,0,0,0
"Drew S. Days, III",2007,0,0,0,0,0,0,0
Eric D. Miller,2007,0,0,0,0,0,0,0
Peter J. Rubin,2007,0,0,0,0,0,0,0
Warren R. Calvert,2007,0,0,0,0,0,0,0
Carter G. Phillips,2007,0,0,0,0,0,0,0
Douglas Hallward-Driemeier,2007,0,0,0,0,0,0,0
Gregory G. Garre,2007,0,0,0,0,0,0,0
David L. Rose,2007,0,0,0,0,0,0,0
Toby J. Heytens,2007,0,0,0,0,0,0,0
Connie L. Lensing,2007,0,0,0,0,0,0,0
Beth S. Brinkmann,2007,0,0,0,0,0,0,0
Brian F. Barov,2007,0,0,0,0,0,0,0
Paul D. Clement,2007,0,0,0,0,0,0,0
Cynthia H. Hyndman,2007,0,0,0,0,0,0,0
Michael W. Hawkins,2007,0,0,0,0,0,0,0
Jerry V. Beard,2007,0,0,0,0,0,0,0
Lisa H. Schertler,2007,0,0,0,0,0,0,0
Edwin S. Kneedler,2007,0,0,0,0,0,0,0
"Walter E. Dellinger, III",2007,0,0,0,0,0,0,0
Christopher J. Wright,2007,0,0,0,0,0,0,0
"G. Eric Brunstad, Jr.",2007,0,0,0,0,0,0,0
Joseph D. Schleimer,2007,0,0,0,0,0,0,0
Allison M. Zieve,2007,0,0,0,0,0,0,0
Carter G. Phillips,2007,0,0,0,0,0,0,0
Daryl Joseffer,2007,0,0,0,0,0,0,0
John D. Cline,2007,0,0,0,0,0,0,0
Deanne E. Maynard,2007,0,0,0,0,0,0,0
Charles A. Rothfeld,2007,0,0,0,0,0,0,0
Kannon K. Shanmugam,2007,0,0,0,0,0,0,0
Joseph Margulies,2007,0,0,0,0,0,0,0
Gregory G. Garre,2007,0,0,0,0,0,0,0
Anthony A. Yang,2007,0,0,0,0,0,0,0
Brian Wolfman,2007,0,0,0,0,0,0,0
Allison M. Zieve,2007,0,0,0,0,0,0,0
Edwin S. Kneedler,2007,0,0,0,0,0,0,0
Theodore B. Olson,2007,0,0,0,0,0,0,0
Stephen M. Shapiro,2007,0,0,0,0,0,0,0
Thomas G. Hungar,2007,0,0,0,0,0,0,0
Stanley M. Grossman,2007,0,0,0,0,0,0,0
Beth S. Brinkmann,2007,0,0,0,0,0,0,0
Paul Stern,2007,0,0,0,0,0,0,0
Douglas Hallward-Driemeier,2007,0,0,0,0,0,0,0
Karl J. Koch,2007,0,0,0,0,0,0,0
Deanne E. Maynard,2007,0,0,0,0,0,0,0
Michael S. Nachmanoff,2007,0,0,0,0,0,0,0
Michael R. Dreeben,2007,0,0,0,0,0,0,0
Leonard J. Koerner,2007,0,0,0,0,0,0,0
Paul G. Gardephe,2007,0,0,0,0,0,0,0
Gregory G. Garre,2007,0,0,0,0,0,0,0
"G. Eric Brunstad, Jr.",2007,0,0,0,0,0,0,0
C. Christopher Trower,2007,0,0,0,0,0,0,0
Richard A. Coad,2007,0,0,0,0,0,0,0
Daryl Joseffer,2007,0,0,0,0,0,0,0
Paul D. Clement,2007,0,0,0,0,0,0,0
Richard J. Diaz,2007,0,0,0,0,0,0,0
Robert M. McKenna,2007,0,0,0,0,0,0,0
"John J. White, Jr.",2007,0,0,0,0,0,0,0
"Arthur J. Madden, III",2007,0,0,0,0,0,0,0
Matthew D. Roberts,2007,0,0,0,0,0,0,0
Peter B. Rutledge,2007,0,0,0,0,0,0,0
Andrew J. Rossman,2007,0,0,0,0,0,0,0
"Frederick A.O. Schwarz, Jr.",2007,0,0,0,0,0,0,0
Theodore B. Olson,2007,0,0,0,0,0,0,0
Michael R. Dreeben,2007,0,0,0,0,0,0,0
Jeffrey T. Green,2007,0,0,0,0,0,0,0
Benjamin J. Butler,2007,0,0,0,0,0,0,0
Patrick C. Diamond,2007,0,0,0,0,0,0,0
Matthew D. Roberts,2007,0,0,0,0,0,0,0
Peter K. Stris,2007,0,0,0,0,0,0,0
Thomas P. Gies,2007,0,0,0,0,0,0,0
Kannon K. Shanmugam,2007,0,0,0,0,0,0,0
Jean-Claude Andre,2007,0,0,0,0,0,0,0
Amy L. Posner,2007,0,0,0,0,0,0,0
E. Joshua Rosenkranz,2007,0,0,0,0,0,0,0
Nicole A. Saharsky,2007,0,0,0,0,0,0,0
Maureen E. Mahoney,2007,0,0,0,0,0,0,0
Carter G. Phillips,2007,0,0,0,0,0,0,0
Thomas G. Hungar,2007,0,0,0,0,0,0,0
Thomas G. Hungar,2007,0,0,0,0,0,0,0
Michael H. Gottesman,2007,0,0,0,0,0,0,0
Willis J. Goldsmith,2007,0,0,0,0,0,0,0
R. Ted Cruz,2007,0,0,0,0,0,0,0
Paul D. Clement,2007,0,0,0,0,0,0,0
Donald Francis Donovan,2007,0,0,0,0,0,0,0
Carter G. Phillips,2007,0,0,0,0,0,0,0
Beth S. Brinkmann,2007,0,0,0,0,0,0,0
Mark T. Stancil,2007,0,0,0,0,0,0,0
Thomas M. Fisher,2007,0,0,0,0,0,0,0
Michael R. Dreeben,2007,0,0,0,0,0,0,0
Paul D. Clement,2007,0,0,0,0,0,0,0
Paul M. Smith,2007,0,0,0,0,0,0,0
Thomas M. Fisher,2007,0,0,0,0,0,0,0
Theodore M. Becker,2007,0,0,0,0,0,0,0
Eric D. Miller,2007,0,0,0,0,0,0,0
David W. DeBruin,2007,0,0,0,0,0,0,0
Malcolm L. Stewart,2007,0,0,0,0,0,0,0
"James B. Helmer, Jr.",2007,0,0,0,0,0,0,0
Theodore B. Olson,2007,0,0,0,0,0,0,0
Jeffrey L. Fisher,2007,0,0,0,0,0,0,0
"Walter E. Dellinger, III",2007,0,0,0,0,0,0,0
"Walter E. Dellinger, III",2007,0,0,0,0,0,0,0
Paul D. Clement,2007,0,0,0,0,0,0,0
Alan Gura,2007,0,0,0,0,0,0,0
Patricia A. Millett,2007,0,0,0,0,0,0,0
William M. Jay,2007,0,0,0,0,0,0,0
"G. Eric Brunstad, Jr.",2007,0,0,0,0,0,0,0
Scott D. Makar,2007,0,0,0,0,0,0,0
Andrew D. Herman,2007,0,0,0,0,0,0,0
Paul D. Clement,2007,0,0,0,0,0,0,0
Deanne E. Maynard,2007,0,0,0,0,0,0,0
Amy Howe,2007,0,0,0,0,0,0,0
Jay T. Jorgensen,2007,0,0,0,0,0,0,0
R. Ted Cruz,2007,0,0,0,0,0,0,0
Juliet L. Clark,2007,0,0,0,0,0,0,0
Jeffrey L. Fisher,2007,0,0,0,0,0,0,0
Adina H. Rosenbaum,2007,0,0,0,0,0,0,0
Catherine E. Stetson,2007,0,0,0,0,0,0,0
Douglas Hallward-Driemeier,2007,0,0,0,0,0,0,0
Paul A. Banker,2007,0,0,0,0,0,0,0
David C. Frederick,2007,0,0,0,0,0,0,0
Curtis E. Gannon,2007,0,0,0,0,0,0,0
Gregory S. Coleman,2007,0,0,0,0,0,0,0
Danielle Spinelli,2007,0,0,0,0,0,0,0
Gen. Michael B. Mukasey,2007,0,0,0,0,0,0,0
"Thomas W. Hillier, II",2007,0,0,0,0,0,0,0
Neal Kumar Katyal,2007,0,0,0,0,0,0,0
Janet A. Metcalf,2007,0,0,0,0,0,0,0
Lisa S. Blatt,2007,0,0,0,0,0,0,0
"Roy T. Englert, Jr.",2007,0,0,0,0,0,0,0
"Roy T. Englert, Jr.",2007,0,0,0,0,0,0,0
"Donald B. Verrilli, Jr.",2007,0,0,0,0,0,0,0
"Donald B. Verrilli, Jr.",2007,0,0,0,0,0,0,0
Gregory G. Garre,2007,0,0,0,0,0,0,0
Carter G. Phillips,2007,0,0,0,0,0,0,0
"Roy T. Englert, Jr.",2007,0,0,0,0,0,0,0
Marilyn G. Burkhardt,2007,0,0,0,0,0,0,0
Donald E. De Nicola,2007,0,0,0,0,0,0,0
Pamela S. Karlan,2007,0,0,0,0,0,0,0
Kevin C. Newsom,2007,0,0,0,0,0,0,0
Kannon K. Shanmugam,2007,0,0,0,0,0,0,0
"H. Bartow Farr, III",2007,0,0,0,0,0,0,0
David C. Frederick,2007,0,0,0,0,0,0,0
Robert N. Hochman,2008,0,0,0,0,0,0,0
Matthew D. Roberts,2008,0,0,0,0,0,0,0
Seth P. Waxman,2008,0,0,0,0,0,0,0
Edwin S. Kneedler,2008,0,0,0,0,0,0,0
David C. Frederick,2008,0,0,0,0,0,0,0
Eric Schnapper,2008,0,0,0,0,0,0,0
Theodore S. Allison,2008,0,0,0,0,0,0,0
Lisa S. Blatt,2008,0,0,0,0,0,0,0
Francis H. Young,2008,0,0,0,0,0,0,0
Gregory G. Garre,2008,0,0,0,0,0,0,0
Alexander A. Reinert,2008,0,0,0,0,0,0,0
Jason E. Murtagh,2008,0,0,0,0,0,0,0
Barbara D. Underwood,2008,0,0,0,0,0,0,0
David L. McColgin,2008,0,0,0,0,0,0,0
Michael R. Dreeben,2008,0,0,0,0,0,0,0
Malcolm L. Stewart,2008,0,0,0,0,0,0,0
"H. Bartow Farr, III",2008,0,0,0,0,0,0,0
Caitlin J. Halligan,2008,0,0,0,0,0,0,0
Jonathan S. Franklin,2008,0,0,0,0,0,0,0
Douglas Hallward-Driemeier,2008,0,0,0,0,0,0,0
Thomas C. Goldstein,2008,0,0,0,0,0,0,0
Thomas C. Goldstein,2008,0,0,0,0,0,0,0
Jennifer L. Smith,2008,0,0,0,0,0,0,0
Joseph L. Parkhurst,2008,0,0,0,0,0,0,0
Toby J. Heytens,2008,0,0,0,0,0,0,0
Andrew J. Pincus,2008,0,0,0,0,0,0,0
Charles A. Rothfeld,2008,0,0,0,0,0,0,0
Kay H. Hodge,2008,0,0,0,0,0,0,0
Eric D. Miller,2008,0,0,0,0,0,0,0
Christopher J. Meade,2008,0,0,0,0,0,0,0
Mark R. Lippman,2008,0,0,0,0,0,0,0
Stephen M. Shapiro,2008,0,0,0,0,0,0,0
Robert S. Peck,2008,0,0,0,0,0,0,0
Richard P. Bress,2008,0,0,0,0,0,0,0
Katherine Burnett,2008,0,0,0,0,0,0,0
Gregory G. Garre,2008,0,0,0,0,0,0,0
Richard B. Kendall,2008,0,0,0,0,0,0,0
Marc Fernich,2008,0,0,0,0,0,0,0
Anthony A. Yang,2008,0,0,0,0,0,0,0
Steven E. Mercer,2008,0,0,0,0,0,0,0
Charles M. Sevilla,2008,0,0,0,0,0,0,0
Stephen R. McAllister,2008,0,0,0,0,0,0,0
Nicole A. Saharsky,2008,0,0,0,0,0,0,0
Matthew J. Edge,2008,0,0,0,0,0,0,0
Mark J. Bennett,2008,0,0,0,0,0,0,0
William M. Jay,2008,0,0,0,0,0,0,0
Kannon K. Shanmugam,2008,0,0,0,0,0,0,0
Edwin S. Kneedler,2008,0,0,0,0,0,0,0
Carter G. Phillips,2008,0,0,0,0,0,0,0
Gregory S. Coleman,2008,0,0,0,0,0,0,0
Edwin S. Kneedler,2008,0,0,0,0,0,0,0
Christopher J. Meade,2008,0,0,0,0,0,0,0
Glenn W. Rhodes,2008,0,0,0,0,0,0,0
"Donald B. Verrilli, Jr.",2008,0,0,0,0,0,0,0
Kathryn W. Landry,2008,0,0,0,0,0,0,0
Kathleen M. Sullivan,2008,0,0,0,0,0,0,0
Maureen E. Mahoney,2008,0,0,0,0,0,0,0
Malcolm L. Stewart,2008,0,0,0,0,0,0,0
Edwin S. Kneedler,2008,0,0,0,0,0,0,0
Matt G. Kenna,2008,0,0,0,0,0,0,0
Andrew J. Pincus,2008,0,0,0,0,0,0,0
Gregory G. Katsas,2008,0,0,0,0,0,0,0
Aaron M. Panner,2008,0,0,0,0,0,0,0
Deanne E. Maynard,2008,0,0,0,0,0,0,0
Maxwell M. Blecher,2008,0,0,0,0,0,0,0
Richard M. Brunell,2008,0,0,0,0,0,0,0
Pamela S. Karlan,2008,0,0,0,0,0,0,0
Michael R. Dreeben,2008,0,0,0,0,0,0,0
Theodore B. Olson,2008,0,0,0,0,0,0,0
Deanne E. Maynard,2008,0,0,0,0,0,0,0
Joseph T. Maziarz,2008,0,0,0,0,0,0,0
Anthony A. Yang,2008,0,0,0,0,0,0,0
Thomas F. Jacobs,2008,0,0,0,0,0,0,0
Carter G. Phillips,2008,0,0,0,0,0,0,0
Lisa S. Blatt,2008,0,0,0,0,0,0,0
Kevin K. Russell,2008,0,0,0,0,0,0,0
Jeremy Friedlander,2008,0,0,0,0,0,0,0
Pratik A. Shah,2008,0,0,0,0,0,0,0
J. Bradley O'Connell,2008,0,0,0,0,0,0,0
Theodore B. Olson,2008,0,0,0,0,0,0,0
David C. Frederick,2008,0,0,0,0,0,0,0
Douglas Hallward-Driemeier,2008,0,0,0,0,0,0,0
Paul Salvatore,2008,0,0,0,0,0,0,0
David C. Frederick,2008,0,0,0,0,0,0,0
Curtis E. Gannon,2008,0,0,0,0,0,0,0
Gregory G. Garre,2008,0,0,0,0,0,0,0
Carter G. Phillips,2008,0,0,0,0,0,0,0
Daryl Joseffer,2008,0,0,0,0,0,0,0
Maureen E. Mahoney,2008,0,0,0,0,0,0,0
Richard J. Lazarus,2008,0,0,0,0,0,0,0
Jeffrey L. Fisher,2008,0,0,0,0,0,0,0
Martha Coakley,2008,0,0,0,0,0,0,0
Lisa H. Schertler,2008,0,0,0,0,0,0,0
Nicole A. Saharsky,2008,0,0,0,0,0,0,0
Troy N. Giatras,2008,0,0,0,0,0,0,0
W. James Young,2008,0,0,0,0,0,0,0
Jeremiah A. Collins,2008,0,0,0,0,0,0,0
David J. Bederman,2008,0,0,0,0,0,0,0
Douglas Hallward-Driemeier,2008,0,0,0,0,0,0,0
Carter G. Phillips,2008,0,0,0,0,0,0,0
David A. Furlow,2008,0,0,0,0,0,0,0
Leondra R. Kruger,2008,0,0,0,0,0,0,0
Mark I. Levy,2008,0,0,0,0,0,0,0
Jay A. Sekulow,2008,0,0,0,0,0,0,0
Daryl Joseffer,2008,0,0,0,0,0,0,0
Pamela Harris,2008,0,0,0,0,0,0,0
"Christopher G. Browning, Jr.",2008,0,0,0,0,0,0,0
Carl W. Thurman III,2008,0,0,0,0,0,0,0
Daryl Joseffer,2008,0,0,0,0,0,0,0
Thomas C. Goldstein,2008,0,0,0,0,0,0,0
Sean D. Jordan,2008,0,0,0,0,0,0,0
Peter Stirba,2008,0,0,0,0,0,0,0
Malcolm L. Stewart,2008,0,0,0,0,0,0,0
Theodore P. Metzler Jr.,2008,0,0,0,0,0,0,0
William B. Collins,2008,0,0,0,0,0,0,0
Jeffrey L. Fisher,2008,0,0,0,0,0,0,0
Dana C. Hansen Chavis,2008,0,0,0,0,0,0,0
William M. Jay,2008,0,0,0,0,0,0,0
Timothy T. Coates,2008,0,0,0,0,0,0,0
Michael R. Dreeben,2008,0,0,0,0,0,0,0
E. Joshua Rosenkranz,2008,0,0,0,0,0,0,0
Clay Riggs Smith,2008,0,0,0,0,0,0,0
Jeremiah A. Collins,2008,0,0,0,0,0,0,0
Mary H. Williams,2008,0,0,0,0,0,0,0
Ernest G. Lannet,2008,0,0,0,0,0,0,0
Lars R. Isaacson,2008,0,0,0,0,0,0,0
Lisa H. Schertler,2008,0,0,0,0,0,0,0
Gregory G. Garre,2008,0,0,0,0,0,0,0
Theodore B. Olson,2008,0,0,0,0,0,0,0
Thomas S. Waldo,2008,0,0,0,0,0,0,0
James K. Leven,2008,0,0,0,0,0,0,0
Michael A. Scodro,2008,0,0,0,0,0,0,0
Matthew D. Roberts,2008,0,0,0,0,0,0,0
Evan Mark Tager,2008,0,0,0,0,0,0,0
Kevin K. Russell,2008,0,0,0,0,0,0,0
Toby J. Heytens,2008,0,0,0,0,0,0,0
M. Miller Baker,2008,0,0,0,0,0,0,0
Paul M. De Marco,2008,0,0,0,0,0,0,0
Sri Srinivasan,2008,0,0,0,0,0,0,0
Eric D. Miller,2008,0,0,0,0,0,0,0
Theodore B. Olson,2008,0,0,0,0,0,0,0
Floyd Abrams,2008,0,0,0,0,0,0,0
Elena Kagan,2008,0,0,0,0,0,0,0
Seth P. Waxman,2008,0,0,0,0,0,0,0
David W. McCreadie,2008,0,0,0,0,0,0,0
Rod Sullivan,2008,0,0,0,0,0,0,0
Pratik A. Shah,2008,0,0,0,0,0,0,0
Matthew S. Freedus,2008,0,0,0,0,0,0,0
Kenneth W. Starr,2008,0,0,0,0,0,0,0
Sri Srinivasan,2008,0,0,0,0,0,0,0
Nicole A. Saharsky,2008,0,0,0,0,0,0,0
Barry R. Ostrager,2008,0,0,0,0,0,0,0
Samuel Issacharoff,2008,0,0,0,0,0,0,0
Jacob C. Cohn,2008,0,0,0,0,0,0,0
Gary Feinerman,2008,0,0,0,0,0,0,0
David B. Salmons,2008,0,0,0,0,0,0,0
Eric D. Miller,2008,0,0,0,0,0,0,0
Charles A. Rothfeld,2008,0,0,0,0,0,0,0
Theodore B. Olson,2008,0,0,0,0,0,0,0
Gregory S. Coleman,2008,0,0,0,0,0,0,0
Neal Kumar Katyal,2008,0,0,0,0,0,0,0
Debo P. Adegbile,2008,0,0,0,0,0,0,0
Eric Schnapper,2008,0,0,0,0,0,0,0
Lisa S. Blatt,2008,0,0,0,0,0,0,0
Carter G. Phillips,2008,0,0,0,0,0,0,0
Barbara D. Underwood,2008,0,0,0,0,0,0,0
Malcolm L. Stewart,2008,0,0,0,0,0,0,0
Seth P. Waxman,2008,0,0,0,0,0,0,0
Matthew W. Wright,2008,0,0,0,0,0,0,0
David O'Neil,2008,0,0,0,0,0,0,0
Adam B. Wolf,2008,0,0,0,0,0,0,0
Thomas E. Moseley,2008,0,0,0,0,0,0,0
Curtis E. Gannon,2008,0,0,0,0,0,0,0
Scott J. Forster,2008,0,0,0,0,0,0,0
Deanne E. Maynard,2008,0,0,0,0,0,0,0
Benjamin C. Mizer,2008,0,0,0,0,0,0,0
John H. Blume,2008,0,0,0,0,0,0,0
Kenneth M. Rosenstein,2008,0,0,0,0,0,0,0
Neal Kumar Katyal,2008,0,0,0,0,0,0,0
Peter Neufeld,2008,0,0,0,0,0,0,0
Gideon A. Schor,2008,0,0,0,0,0,0,0
Paul T. Rephen,2008,0,0,0,0,0,0,0
Jeffrey B. Wall,2008,0,0,0,0,0,0,0
Samuel J. Buffone,2008,0,0,0,0,0,0,0
Michael R. Dreeben,2008,0,0,0,0,0,0,0
Lindsay C. Harrison,2008,0,0,0,0,0,0,0
Edwin S. Kneedler,2008,0,0,0,0,0,0,0
Christina Rainville,2008,0,0,0,0,0,0,0
Leondra R. Kruger,2008,0,0,0,0,0,0,0
William A. Nelson,2008,0,0,0,0,0,0,0
Steve Six,2008,0,0,0,0,0,0,0
John W. Suthers,2008,0,0,0,0,0,0,0
J. Michael Jakes,2009,0,0,0,0,0,0,0
J. Michael Jakes,2009,0,0,0,0,0,0,0
Malcolm L. Stewart,2009,0,0,0,0,0,0,0
Malcolm L. Stewart,2009,0,0,0,0,0,0,0
Carter G. Phillips,2009,0,0,0,0,0,0,0
Carter G. Phillips,2009,0,0,0,0,0,0,0
Edwin S. Kneedler,2009,0,0,0,0,0,0,0
Edwin S. Kneedler,2009,0,0,0,0,0,0,0
"Walter E. Dellinger, III",2009,0,0,0,0,0,0,0
"Walter E. Dellinger, III",2009,0,0,0,0,0,0,0
"Robert A. Long, Jr.",2009,0,0,0,0,0,0,0
David C. Frederick,2009,0,0,0,0,0,0,0
Curtis E. Gannon,2009,0,0,0,0,0,0,0
John D. Donovan Jr.,2009,0,0,0,0,0,0,0
Richard D. Friedman,2009,0,0,0,0,0,0,0
Stephen R. McCullough,2009,0,0,0,0,0,0,0
Leondra R. Kruger,2009,0,0,0,0,0,0,0
Scott L. Nelson,2009,0,0,0,0,0,0,0
Christopher Landau,2009,0,0,0,0,0,0,0
Charles S. Sims,2009,0,0,0,0,0,0,0
Ginger D. Anders,2009,0,0,0,0,0,0,0
Deborah Jones Merritt,2009,0,0,0,0,0,0,0
Stephen Sanders,2009,0,0,0,0,0,0,0
Neal Kumar Katyal,2009,0,0,0,0,0,0,0
Paul D. Clement,2009,0,0,0,0,0,0,0
Sri Srinivasan,2009,0,0,0,0,0,0,0
Todd M. Schneider,2009,0,0,0,0,0,0,0
"G. Eric Brunstad, Jr.",2009,0,0,0,0,0,0,0
William M. Jay,2009,0,0,0,0,0,0,0
Madeleine C. Wanslee,2009,0,0,0,0,0,0,0
Toby J. Heytens,2009,0,0,0,0,0,0,0
Michael J. Meehan,2009,0,0,0,0,0,0,0
D. Kent Safriet,2009,0,0,0,0,0,0,0
Scott D. Makar,2009,0,0,0,0,0,0,0
Edwin S. Kneedler,2009,0,0,0,0,0,0,0
Joseph W. Jacquot,2009,0,0,0,0,0,0,0
David O'Neil,2009,0,0,0,0,0,0,0
Deborah K. Brueckheimer,2009,0,0,0,0,0,0,0
Thomas A. Dubbs,2009,0,0,0,0,0,0,0
George T. Conway III,2009,0,0,0,0,0,0,0
Matthew D. Roberts,2009,0,0,0,0,0,0,0
Donald B. Ayer,2009,0,0,0,0,0,0,0
Michael R. Dreeben,2009,0,0,0,0,0,0,0
Seth P. Waxman,2009,0,0,0,0,0,0,0
Cornelia T. L. Pillard,2009,0,0,0,0,0,0,0
Kevin K. Russell,2009,0,0,0,0,0,0,0
William M. Jay,2009,0,0,0,0,0,0,0
George S. Coakley,2009,0,0,0,0,0,0,0
Garry G. Mathiason,2009,0,0,0,0,0,0,0
Robert Bonsall,2009,0,0,0,0,0,0,0
Peter D. Nussbaum,2009,0,0,0,0,0,0,0
Elena Kagan,2009,0,0,0,0,0,0,0
G. Alan DuBois,2009,0,0,0,0,0,0,0
Charles A. Rothfeld,2009,0,0,0,0,0,0,0
Curtis E. Gannon,2009,0,0,0,0,0,0,0
Anthony A. Yang,2009,0,0,0,0,0,0,0
James D. Leach,2009,0,0,0,0,0,0,0
Kent L. Richland,2009,0,0,0,0,0,0,0
Neal Kumar Katyal,2009,0,0,0,0,0,0,0
Eric D. Miller,2009,0,0,0,0,0,0,0
Herald P. Fahringer,2009,0,0,0,0,0,0,0
Michael W. McConnell,2009,0,0,0,0,0,0,0
Gregory G. Garre,2009,0,0,0,0,0,0,0
Sri Srinivasan,2009,0,0,0,0,0,0,0
Michael R. Dreeben,2009,0,0,0,0,0,0,0
B. Eric Restuccia,2009,0,0,0,0,0,0,0
James Sterling Lawrence,2009,0,0,0,0,0,0,0
Sheldon E. Richie,2009,0,0,0,0,0,0,0
Neal Kumar Katyal,2009,0,0,0,0,0,0,0
B. Eric Restuccia,2009,0,0,0,0,0,0,0
Nicole A. Saharsky,2009,0,0,0,0,0,0,0
Alan Gura,2009,0,0,0,0,0,0,0
Paul D. Clement,2009,0,0,0,0,0,0,0
James A. Feldman,2009,0,0,0,0,0,0,0
Elaine J. Goldenberg,2009,0,0,0,0,0,0,0
Pratik A. Shah,2009,0,0,0,0,0,0,0
Conal Doyle,2009,0,0,0,0,0,0,0
James Scott Ballenger,2009,0,0,0,0,0,0,0
Anthony A. Yang,2009,0,0,0,0,0,0,0
David C. Frederick,2009,0,0,0,0,0,0,0
Shay Dvoretzky,2009,0,0,0,0,0,0,0
Patricia A. Millett,2009,0,0,0,0,0,0,0
Edwin S. Kneedler,2009,0,0,0,0,0,0,0
Benjamin J. Horwich,2009,0,0,0,0,0,0,0
Jeffrey L. Fisher,2009,0,0,0,0,0,0,0
Jeffrey A. Lamken,2009,0,0,0,0,0,0,0
David O'Neil,2009,0,0,0,0,0,0,0
"Christopher G. Browning, Jr.",2009,0,0,0,0,0,0,0
Mark T. Hurt,2009,0,0,0,0,0,0,0
Douglas Hallward-Driemeier,2009,0,0,0,0,0,0,0
Paul A. Castiglione,2009,0,0,0,0,0,0,0
William M. Jay,2009,0,0,0,0,0,0,0
Thomas Peters,2009,0,0,0,0,0,0,0
Elena Kagan,2009,0,0,0,0,0,0,0
Peter J. Eliasberg,2009,0,0,0,0,0,0,0
Craig Goldblatt,2009,0,0,0,0,0,0,0
Jeffrey B. Wall,2009,0,0,0,0,0,0,0
"G. Eric Brunstad, Jr.",2009,0,0,0,0,0,0,0
J. Scott Ballenger,2009,0,0,0,0,0,0,0
Thomas H. Geoghegan,2009,0,0,0,0,0,0,0
Jaclyn S. Frankfurt,2009,0,0,0,0,0,0,0
Elena Kagan,2009,0,0,0,0,0,0,0
Amy Howe,2009,0,0,0,0,0,0,0
Ginger D. Anders,2009,0,0,0,0,0,0,0
Stephen B. Kinnaird,2009,0,0,0,0,0,0,0
Wm. Robert Long Jr.,2009,0,0,0,0,0,0,0
Michael R. Dreeben,2009,0,0,0,0,0,0,0
Glen D. Nager,2009,0,0,0,0,0,0,0
Malcolm L. Stewart,2009,0,0,0,0,0,0,0
Gregg H. Levy,2009,0,0,0,0,0,0,0
Jeffrey A. Lamken,2009,0,0,0,0,0,0,0
Eric D. Miller,2009,0,0,0,0,0,0,0
Richard Blumenthal,2009,0,0,0,0,0,0,0
Randall L. Allen,2009,0,0,0,0,0,0,0
Judith Resnik,2009,0,0,0,0,0,0,0
Edwin S. Kneedler,2009,0,0,0,0,0,0,0
Douglas F. Gansler,2009,0,0,0,0,0,0,0
Toby J. Heytens,2009,0,0,0,0,0,0,0
Celia A. Davis,2009,0,0,0,0,0,0,0
Lisa Call,2009,0,0,0,0,0,0,0
Leondra R. Kruger,2009,0,0,0,0,0,0,0
Richard Cordray,2009,0,0,0,0,0,0,0
Michael J. Benza,2009,0,0,0,0,0,0,0
Mark T. Stancil,2009,0,0,0,0,0,0,0
Matthew D. Roberts,2009,0,0,0,0,0,0,0
Bryan S. Gowdy,2009,0,0,0,0,0,0,0
Scott D. Makar,2009,0,0,0,0,0,0,0
Bryan Stevenson,2009,0,0,0,0,0,0,0
Scott D. Makar,2009,0,0,0,0,0,0,0
Neal Kumar Katyal,2009,0,0,0,0,0,0,0
Patricia A. Millett,2009,0,0,0,0,0,0,0
"Robert A. Long, Jr.",2009,0,0,0,0,0,0,0
Peter K. Stris,2009,0,0,0,0,0,0,0
Matthew D. Roberts,2009,0,0,0,0,0,0,0
Michael A. Carvin,2009,0,0,0,0,0,0,0
Elena Kagan,2009,0,0,0,0,0,0,0
Jeffrey A. Lamken,2009,0,0,0,0,0,0,0
Miguel A. Estrada,2009,0,0,0,0,0,0,0
Michael R. Dreeben,2009,0,0,0,0,0,0,0
Kannon K. Shanmugam,2009,0,0,0,0,0,0,0
David C. Frederick,2009,0,0,0,0,0,0,0
Malcolm L. Stewart,2009,0,0,0,0,0,0,0
Rick M. Schoenfield,2009,0,0,0,0,0,0,0
Nicole A. Saharsky,2009,0,0,0,0,0,0,0
Amanda C. Leiter,2009,0,0,0,0,0,0,0
Kerry A. Scanlon,2009,0,0,0,0,0,0,0
Corey L. Maze,2009,0,0,0,0,0,0,0
Randolph H. Barnhouse,2009,0,0,0,0,0,0,0
Leonard J. Koerner,2009,0,0,0,0,0,0,0
Mark H. Cohen,2009,0,0,0,0,0,0,0
Pratik A. Shah,2009,0,0,0,0,0,0,0
Paul D. Clement,2009,0,0,0,0,0,0,0
John A. Payton,2009,0,0,0,0,0,0,0
Neal Kumar Katyal,2009,0,0,0,0,0,0,0
Benna Ruth Solomon,2009,0,0,0,0,0,0,0
Ronald Eisenberg,2009,0,0,0,0,0,0,0
Matthew C. Lawry,2009,0,0,0,0,0,0,0
Jan Hamilton,2009,0,0,0,0,0,0,0
Thomas C. Goldstein,2009,0,0,0,0,0,0,0
Sarah E. Harrington,2009,0,0,0,0,0,0,0
Jeffrey L. Fisher,2009,0,0,0,0,0,0,0
Corey L. Maze,2009,0,0,0,0,0,0,0
Benjamin C. Mizer,2009,0,0,0,0,0,0,0
Stephen C. Fitch,2009,0,0,0,0,0,0,0
Mark R. Bendure,2009,0,0,0,0,0,0,0
Robert S. Glazier,2009,0,0,0,0,0,0,0
Pamela S. Karlan,2009,0,0,0,0,0,0,0
Toby J. Heytens,2009,0,0,0,0,0,0,0
Anthony F. Shelley,2009,0,0,0,0,0,0,0
David C. Frederick,2009,0,0,0,0,0,0,0
John R. Ates,2009,0,0,0,0,0,0,0
Pratik A. Shah,2009,0,0,0,0,0,0,0
Gregory G. Garre,2009,0,0,0,0,0,0,0
Malcolm L. Stewart,2009,0,0,0,0,0,0,0
Lawrence S. Robbins,2009,0,0,0,0,0,0,0
Robert F. Friedman,2009,0,0,0,0,0,0,0
Ian E. Silverberg,2009,0,0,0,0,0,0,0
Todd G. Scher,2009,0,0,0,0,0,0,0
Scott D. Makar,2009,0,0,0,0,0,0,0
"James Bopp, Jr.",2009,0,0,0,0,0,0,0
Robert M. McKenna,2009,0,0,0,0,0,0,0
Sri Srinivasan,2009,0,0,0,0,0,0,0
Nicole A. Saharsky,2009,0,0,0,0,0,0,0
Lisa B. Freeland,2009,0,0,0,0,0,0,0
Leondra R. Kruger,2009,0,0,0,0,0,0,0
David C. Frederick,2009,0,0,0,0,0,0,0
Eric D. Miller,2009,0,0,0,0,0,0,0
H. Christopher Bartolomucci,2009,0,0,0,0,0,0,0
"Christopher G. Browning, Jr.",2009,0,0,0,0,0,0,0
Donald Specter,2010,0,0,0,0,0,0,0
Lori B. Palmer,2010,0,0,0,0,0,0,0
Leondra R. Kruger,2010,0,0,0,0,0,0,0
Peter Jon Van Hoek,2010,0,0,0,0,0,0,0
Harry Joseph Colombo,2010,0,0,0,0,0,0,0
Clifford Gardner,2010,0,0,0,0,0,0,0
Martin N. Buchanan,2010,0,0,0,0,0,0,0
William M. Jay,2010,0,0,0,0,0,0,0
Gregory G. Garre,2010,0,0,0,0,0,0,0
"Roy T. Englert, Jr.",2010,0,0,0,0,0,0,0
Aaron M. Panner,2010,0,0,0,0,0,0,0
Malcolm L. Stewart,2010,0,0,0,0,0,0,0
Kevin K. Russell,2010,0,0,0,0,0,0,0
Sarah E. Harrington,2010,0,0,0,0,0,0,0
James C. Ho,2010,0,0,0,0,0,0,0
Zackery P. Morazzini,2010,0,0,0,0,0,0,0
Paul M. Smith,2010,0,0,0,0,0,0,0
"Frank W. Heft, Jr.",2010,0,0,0,0,0,0,0
Curtis E. Gannon,2010,0,0,0,0,0,0,0
Lisa S. Blatt,2010,0,0,0,0,0,0,0
Eric D. Miller,2010,0,0,0,0,0,0,0
Jeffrey L. Fisher,2010,0,0,0,0,0,0,0
Gary K. King,2010,0,0,0,0,0,0,0
James W. Bilderback II,2010,0,0,0,0,0,0,0
Sean K. Kennedy,2010,0,0,0,0,0,0,0
Barbara S. Blackman,2010,0,0,0,0,0,0,0
Roy A. Cooper III,2010,0,0,0,0,0,0,0
Eric J. Feigin,2010,0,0,0,0,0,0,0
William E. Marsh,2010,0,0,0,0,0,0,0
Jeffrey B. Wall,2010,0,0,0,0,0,0,0
Orin S. Kerr,2010,0,0,0,0,0,0,0
Michael R. Dreeben,2010,0,0,0,0,0,0,0
Carter G. Phillips,2010,0,0,0,0,0,0,0
Neal Kumar Katyal,2010,0,0,0,0,0,0,0
Kristina Schwarz,2010,0,0,0,0,0,0,0
Caitlin J. Halligan,2010,0,0,0,0,0,0,0
Pratik A. Shah,2010,0,0,0,0,0,0,0
Jonathan Hacker,2010,0,0,0,0,0,0,0
David C. Frederick,2010,0,0,0,0,0,0,0
Pratik A. Shah,2010,0,0,0,0,0,0,0
Donald B. Ayer,2010,0,0,0,0,0,0,0
Malcolm L. Stewart,2010,0,0,0,0,0,0,0
Mark C. Fleming,2010,0,0,0,0,0,0,0
David S. Mann,2010,0,0,0,0,0,0,0
Anthony A. Yang,2010,0,0,0,0,0,0,0
Richard A. Monahan,2010,0,0,0,0,0,0,0
Philip S. Beck,2010,0,0,0,0,0,0,0
Paul D. Clement,2010,0,0,0,0,0,0,0
Michael R. Dreeben,2010,0,0,0,0,0,0,0
Stephen R. McAllister,2010,0,0,0,0,0,0,0
Carter G. Phillips,2010,0,0,0,0,0,0,0
Joshua D. Farley,2010,0,0,0,0,0,0,0
Ann O'Connell,2010,0,0,0,0,0,0,0
Jamesa J. Drake,2010,0,0,0,0,0,0,0
Lisa S. Blatt,2010,0,0,0,0,0,0,0
Ginger D. Anders,2010,0,0,0,0,0,0,0
David C. Frederick,2010,0,0,0,0,0,0,0
Anthony A. Yang,2010,0,0,0,0,0,0,0
Geoffrey M. Klineberg,2010,0,0,0,0,0,0,0
Carter G. Phillips,2010,0,0,0,0,0,0,0
Neal Kumar Katyal,2010,0,0,0,0,0,0,0
Arthur F. Fergenson,2010,0,0,0,0,0,0,0
Alexander W. Ross Jr.,2010,0,0,0,0,0,0,0
David Boies,2010,0,0,0,0,0,0,0
Nicole A. Saharsky,2010,0,0,0,0,0,0,0
John R. Kroger,2010,0,0,0,0,0,0,0
Leondra R. Kruger,2010,0,0,0,0,0,0,0
Carolyn A. Kubitschek,2010,0,0,0,0,0,0,0
Daniel R. Ortiz,2010,0,0,0,0,0,0,0
Joseph R. Palmore,2010,0,0,0,0,0,0,0
Eric Schnapper,2010,0,0,0,0,0,0,0
Matthew D. Roberts,2010,0,0,0,0,0,0,0
Jeffrey L. Fisher,2010,0,0,0,0,0,0,0
David C. Frederick,2010,0,0,0,0,0,0,0
Kathleen M. Sullivan,2010,0,0,0,0,0,0,0
Benjamin J. Horwich,2010,0,0,0,0,0,0,0
Andrew J. Pincus,2010,0,0,0,0,0,0,0
Nicole A. Saharsky,2010,0,0,0,0,0,0,0
Eric Schnapper,2010,0,0,0,0,0,0,0
Leondra R. Kruger,2010,0,0,0,0,0,0,0
Leigh Gross Latherow,2010,0,0,0,0,0,0,0
Seth P. Waxman,2010,0,0,0,0,0,0,0
Joseph R. Palmore,2010,0,0,0,0,0,0,0
Timothy T. Coates,2010,0,0,0,0,0,0,0
Andrew J. Pincus,2010,0,0,0,0,0,0,0
Eric Schnapper,2010,0,0,0,0,0,0,0
Eric D. Miller,2010,0,0,0,0,0,0,0
Roy G. Davis,2010,0,0,0,0,0,0,0
David L. Horan,2010,0,0,0,0,0,0,0
James E. Ryan,2010,0,0,0,0,0,0,0
Roy W. McLeese,2010,0,0,0,0,0,0,0
Carter G. Phillips,2010,0,0,0,0,0,0,0
Melissa Arbus Sherry,2010,0,0,0,0,0,0,0
Corey L. Maze,2010,0,0,0,0,0,0,0
Mark A. Perry,2010,0,0,0,0,0,0,0
David C. Frederick,2010,0,0,0,0,0,0,0
Curtis E. Gannon,2010,0,0,0,0,0,0,0
Seth M. Galanter,2010,0,0,0,0,0,0,0
Ginger D. Anders,2010,0,0,0,0,0,0,0
"E. Duncan Getchell, Jr.",2010,0,0,0,0,0,0,0
Neal Kumar Katyal,2010,0,0,0,0,0,0,0
Dan Stormer,2010,0,0,0,0,0,0,0
S. Kyle Duncan,2010,0,0,0,0,0,0,0
J. Gordon Cooney Jr.,2010,0,0,0,0,0,0,0
Steven F. Hubachek,2010,0,0,0,0,0,0,0
Edwin S. Kneedler,2010,0,0,0,0,0,0,0
John R. Kroger,2010,0,0,0,0,0,0,0
Steven T. Wax,2010,0,0,0,0,0,0,0
Alfredo Parrish,2010,0,0,0,0,0,0,0
Roy W. McLeese,2010,0,0,0,0,0,0,0
Adam G. Ciongoli,2010,0,0,0,0,0,0,0
David E. Mills,2010,0,0,0,0,0,0,0
Benjamin C. Mizer,2010,0,0,0,0,0,0,0
Sean E. Summers,2010,0,0,0,0,0,0,0
Margie J. Phelps,2010,0,0,0,0,0,0,0
Theodore B. Olson,2010,0,0,0,0,0,0,0
Stephen R. Bruce,2010,0,0,0,0,0,0,0
Edwin S. Kneedler,2010,0,0,0,0,0,0,0
James H. Kaster,2010,0,0,0,0,0,0,0
Jeffrey B. Wall,2010,0,0,0,0,0,0,0
Carter G. Phillips,2010,0,0,0,0,0,0,0
Theodore B. Olson,2010,0,0,0,0,0,0,0
Matthew D. Roberts,2010,0,0,0,0,0,0,0
Anthony A. Yang,2010,0,0,0,0,0,0,0
Danielle Spinelli,2010,0,0,0,0,0,0,0
Aaron L. Weisman,2010,0,0,0,0,0,0,0
Judith H. Mizner,2010,0,0,0,0,0,0,0
Andrew J. Pincus,2010,0,0,0,0,0,0,0
Deepak Gupta,2010,0,0,0,0,0,0,0
Robert C. Owen,2010,0,0,0,0,0,0,0
Gregory S. Coleman,2010,0,0,0,0,0,0,0
Christopher P. Burke,2010,0,0,0,0,0,0,0
Deanne E. Maynard,2010,0,0,0,0,0,0,0
Nicole A. Saharsky,2010,0,0,0,0,0,0,0
"Donald B. Verrilli, Jr.",2010,0,0,0,0,0,0,0
Michael J. Donahoe,2010,0,0,0,0,0,0,0
Neal Kumar Katyal,2010,0,0,0,0,0,0,0
Paula S. Bickett,2010,0,0,0,0,0,0,0
Paul Bender,2010,0,0,0,0,0,0,0
Jay P. Lefkowitz,2010,0,0,0,0,0,0,0
Louis M. Bograd,2010,0,0,0,0,0,0,0
Edwin S. Kneedler,2010,0,0,0,0,0,0,0
Todd Marshall,2010,0,0,0,0,0,0,0
Michael B. Bigelow,2010,0,0,0,0,0,0,0
Seth P. Waxman,2010,0,0,0,0,0,0,0
Leondra R. Kruger,2010,0,0,0,0,0,0,0
Stephanos Bibas,2010,0,0,0,0,0,0,0
E. Joshua Rosenkranz,2010,0,0,0,0,0,0,0
Mark T. Stancil,2010,0,0,0,0,0,0,0
Peter D. Keisler,2010,0,0,0,0,0,0,0
Neal Kumar Katyal,2010,0,0,0,0,0,0,0
Barbara D. Underwood,2010,0,0,0,0,0,0,0
Kent L. Richland,2010,0,0,0,0,0,0,0
Malcolm L. Stewart,2010,0,0,0,0,0,0,0
"Roy T. Englert, Jr.",2010,0,0,0,0,0,0,0
Steven Alan Reiss,2010,0,0,0,0,0,0,0
Jonathan A. Willens,2010,0,0,0,0,0,0,0
Melissa Arbus Sherry,2010,0,0,0,0,0,0,0
Charles A. Rothfeld,2010,0,0,0,0,0,0,0
David C. Frederick,2010,0,0,0,0,0,0,0
William R. Maurer,2010,0,0,0,0,0,0,0
Bradley S. Phillips,2010,0,0,0,0,0,0,0
William M. Jay,2010,0,0,0,0,0,0,0
Theodore J. Boutrous Jr.,2010,0,0,0,0,0,0,0
Joseph M. Sellers,2010,0,0,0,0,0,0,0
Thomas G. Hungar,2010,0,0,0,0,0,0,0
Seth P. Waxman,2010,0,0,0,0,0,0,0
Malcolm L. Stewart,2010,0,0,0,0,0,0,0
John J. Bursch,2010,0,0,0,0,0,0,0
Eric D. Miller,2010,0,0,0,0,0,0,0
Scott H. Angstreich,2010,0,0,0,0,0,0,0
Pratik A. Shah,2010,0,0,0,0,0,0,0
Steven D. Gordon,2010,0,0,0,0,0,0,0
Stephen C. Gordon,2010,0,0,0,0,0,0,0
Curtis E. Gannon,2010,0,0,0,0,0,0,0
Reuben C. Cahn,2010,0,0,0,0,0,0,0
Matthew D. Roberts,2010,0,0,0,0,0,0,0
Stephanos Bibas,2010,0,0,0,0,0,0,0
Stephen M. Crawford,2010,0,0,0,0,0,0,0
Sarah E. Harrington,2010,0,0,0,0,0,0,0
John P. Elwood,2010,0,0,0,0,0,0,0
E. Joshua Rosenkranz,2010,0,0,0,0,0,0,0
William Dunnegan,2010,0,0,0,0,0,0,0
R. Ted Cruz,2010,0,0,0,0,0,0,0
Meir Feder,2010,0,0,0,0,0,0,0
Benjamin J. Horwich,2010,0,0,0,0,0,0,0
Bridget C. Asay,2010,0,0,0,0,0,0,0
Edwin S. Kneedler,2010,0,0,0,0,0,0,0
Thomas C. Goldstein,2010,0,0,0,0,0,0,0
Neal Kumar Katyal,2010,0,0,0,0,0,0,0
Lee Gelernt,2010,0,0,0,0,0,0,0
Karin S. Schwartz,2011,0,0,0,0,0,0,0
Edwin S. Kneedler,2011,0,0,0,0,0,0,0
Carter G. Phillips,2011,0,0,0,0,0,0,0
Robert D. Bartels,2011,0,0,0,0,0,0,0
Kent E. Cattani,2011,0,0,0,0,0,0,0
Jeffrey B. Wall,2011,0,0,0,0,0,0,0
Michael L. Foreman,2011,0,0,0,0,0,0,0
John B. Howard Jr.,2011,0,0,0,0,0,0,0
Patricia A. Millett,2011,0,0,0,0,0,0,0
Nicole A. Saharsky,2011,0,0,0,0,0,0,0
Michael A. McGill,2011,0,0,0,0,0,0,0
Eric J. Feigin,2011,0,0,0,0,0,0,0
Raymond A. Cardozo,2011,0,0,0,0,0,0,0
Kevin K. Russell,2011,0,0,0,0,0,0,0
Ann O'Connell,2011,0,0,0,0,0,0,0
Thomas M. Hefferon,2011,0,0,0,0,0,0,0
Damien M. Schiff,2011,0,0,0,0,0,0,0
Malcolm L. Stewart,2011,0,0,0,0,0,0,0
Jonathan S. Franklin,2011,0,0,0,0,0,0,0
Pratik A. Shah,2011,0,0,0,0,0,0,0
John F. Preis,2011,0,0,0,0,0,0,0
William J. Young,2011,0,0,0,0,0,0,0
Jeremiah A. Collins,2011,0,0,0,0,0,0,0
Stephen M. Shapiro,2011,0,0,0,0,0,0,0
"Donald B. Verrilli, Jr.",2011,0,0,0,0,0,0,0
Richard P. Bress,2011,0,0,0,0,0,0,0
Scott L. Nelson,2011,0,0,0,0,0,0,0
Gregory G. Garre,2011,0,0,0,0,0,0,0
Stephanos Bibas,2011,0,0,0,0,0,0,0
Eric D. Miller,2011,0,0,0,0,0,0,0
Ginger D. Anders,2011,0,0,0,0,0,0,0
Aaron M. Panner,2011,0,0,0,0,0,0,0
Michael R. Dreeben,2011,0,0,0,0,0,0,0
Stephen C. Leckar,2011,0,0,0,0,0,0,0
Christopher Landau,2011,0,0,0,0,0,0,0
Jeffrey B. Wall,2011,0,0,0,0,0,0,0
Jeffrey I. Tilden,2011,0,0,0,0,0,0,0
Ward A. Campbell,2011,0,0,0,0,0,0,0
Seth P. Waxman,2011,0,0,0,0,0,0,0
"Donald B. Verrilli, Jr.",2011,0,0,0,0,0,0,0
Carter G. Phillips,2011,0,0,0,0,0,0,0
Seth P. Waxman,2011,0,0,0,0,0,0,0
Clifford M. Sloan,2011,0,0,0,0,0,0,0
Dustin McDaniel,2011,0,0,0,0,0,0,0
Joshua T. Gillelan II,2011,0,0,0,0,0,0,0
Joseph R. Palmore,2011,0,0,0,0,0,0,0
Peter D. Keisler,2011,0,0,0,0,0,0,0
Michael S. Fried,2011,0,0,0,0,0,0,0
Dan Himmelfarb,2011,0,0,0,0,0,0,0
Leondra R. Kruger,2011,0,0,0,0,0,0,0
Stephen B. Kinnaird,2011,0,0,0,0,0,0,0
Charles A. Rothfeld,2011,0,0,0,0,0,0,0
John J. Bursch,2011,0,0,0,0,0,0,0
William M. Jay,2011,0,0,0,0,0,0,0
Valerie R. Newman,2011,0,0,0,0,0,0,0
Paul D. Clement,2011,0,0,0,0,0,0,0
Edwin S. Kneedler,2011,0,0,0,0,0,0,0
Gregory G. Garre,2011,0,0,0,0,0,0,0
Steven J. Wells,2011,0,0,0,0,0,0,0
Benjamin J. Horwich,2011,0,0,0,0,0,0,0
Susan K. Smith,2011,0,0,0,0,0,0,0
Chris Koster,2011,0,0,0,0,0,0,0
Anthony A. Yang,2011,0,0,0,0,0,0,0
Emmett D. Queener,2011,0,0,0,0,0,0,0
Paul D. Clement,2011,0,0,0,0,0,0,0
Joseph R. Palmore,2011,0,0,0,0,0,0,0
David C. Frederick,2011,0,0,0,0,0,0,0
Anthony T. Falzone,2011,0,0,0,0,0,0,0
"Donald B. Verrilli, Jr.",2011,0,0,0,0,0,0,0
Douglas Laycock,2011,0,0,0,0,0,0,0
Leondra R. Kruger,2011,0,0,0,0,0,0,0
"Walter E. Dellinger, III",2011,0,0,0,0,0,0,0
Thomas J. Whalen,2011,0,0,0,0,0,0,0
Curtis E. Gannon,2011,0,0,0,0,0,0,0
Gregory G. Garre,2011,0,0,0,0,0,0,0
John C. Neiman Jr.,2011,0,0,0,0,0,0,0
Jeffrey L. Fisher,2011,0,0,0,0,0,0,0
Ronald Eisenberg,2011,0,0,0,0,0,0,0
Candace Cain,2011,0,0,0,0,0,0,0
Melissa Arbus Sherry,2011,0,0,0,0,0,0,0
John J. Bursch,2011,0,0,0,0,0,0,0
Ginger D. Anders,2011,0,0,0,0,0,0,0
Elizabeth L. Jacobs,2011,0,0,0,0,0,0,0
Mark C. Fleming,2011,0,0,0,0,0,0,0
Curtis E. Gannon,2011,0,0,0,0,0,0,0
Nathan Lewin,2011,0,0,0,0,0,0,0
"Donald B. Verrilli, Jr.",2011,0,0,0,0,0,0,0
Timothy T. Coates,2011,0,0,0,0,0,0,0
Sri Srinivasan,2011,0,0,0,0,0,0,0
Paul R. Q. Wolfson,2011,0,0,0,0,0,0,0
Aaron M. Panner,2011,0,0,0,0,0,0,0
Jeffrey A. Lamken,2011,0,0,0,0,0,0,0
Anthony A. Yang,2011,0,0,0,0,0,0,0
Jason D. Hawkins,2011,0,0,0,0,0,0,0
William M. Jay,2011,0,0,0,0,0,0,0
Evan A. Young,2011,0,0,0,0,0,0,0
Andrew J. Pincus,2011,0,0,0,0,0,0,0
John C. Jones,2011,0,0,0,0,0,0,0
Kannon K. Shanmugam,2011,0,0,0,0,0,0,0
Donna R. Andrieu,2011,0,0,0,0,0,0,0
James F. Hurst,2011,0,0,0,0,0,0,0
Benjamin J. Horwich,2011,0,0,0,0,0,0,0
Mark A. Perry,2011,0,0,0,0,0,0,0
Brian W. Carroll,2011,0,0,0,0,0,0,0
Anita Alvarez,2011,0,0,0,0,0,0,0
Michael R. Dreeben,2011,0,0,0,0,0,0,0
Susan M. Freeman,2011,0,0,0,0,0,0,0
Pratik A. Shah,2011,0,0,0,0,0,0,0
Patricia A. Millett,2011,0,0,0,0,0,0,0
Jonathan F. Mitchell,2011,0,0,0,0,0,0,0
Ann O'Connell,2011,0,0,0,0,0,0,0
Richard Guerriero,2011,0,0,0,0,0,0,0
Michael A. Delaney,2011,0,0,0,0,0,0,0
Nicole A. Saharsky,2011,0,0,0,0,0,0,0
Thomas C. Goldstein,2011,0,0,0,0,0,0,0
Carter G. Phillips,2011,0,0,0,0,0,0,0
Nicole A. Saharsky,2011,0,0,0,0,0,0,0
Michael W. McConnell,2011,0,0,0,0,0,0,0
Scott L. Nelson,2011,0,0,0,0,0,0,0
Bryan A. Stevenson,2011,0,0,0,0,0,0,0
Bryan A. Stevenson,2011,0,0,0,0,0,0,0
John C. Neiman Jr.,2011,0,0,0,0,0,0,0
Kent G. Holt,2011,0,0,0,0,0,0,0
Kathleen A. Lord,2011,0,0,0,0,0,0,0
Daniel D. Domenico,2011,0,0,0,0,0,0,0
Melissa Arbus Sherry,2011,0,0,0,0,0,0,0
Malcolm L. Stewart,2011,0,0,0,0,0,0,0
Gregory G. Garre,2011,0,0,0,0,0,0,0
Eric D. Miller,2011,0,0,0,0,0,0,0
Charles A. Rothfeld,2011,0,0,0,0,0,0,0
Mark T. Stancil,2011,0,0,0,0,0,0,0
Paul D. Clement,2011,0,0,0,0,0,0,0
David M. Neff,2011,0,0,0,0,0,0,0
Deanne E. Maynard,2011,0,0,0,0,0,0,0
Sarah E. Harrington,2011,0,0,0,0,0,0,0
Beau B. Brindley,2011,0,0,0,0,0,0,0
Anthony A. Yang,2011,0,0,0,0,0,0,0
Thomas C. Goldstein,2011,0,0,0,0,0,0,0
Malcolm L. Stewart,2011,0,0,0,0,0,0,0
Paul D. Clement,2011,0,0,0,0,0,0,0
"Donald B. Verrilli, Jr.",2011,0,0,0,0,0,0,0
Jonathan D. Libby,2011,0,0,0,0,0,0,0
Eric D. Miller,2011,0,0,0,0,0,0,0
Patricia A. Millett,2011,0,0,0,0,0,0,0
Matthew T. Nelson,2011,0,0,0,0,0,0,0
Sean R. Gallagher,2011,0,0,0,0,0,0,0
Sri Srinivasan,2011,0,0,0,0,0,0,0
David A. Lane,2011,0,0,0,0,0,0,0
"Robert A. Long, Jr.",2011,0,0,0,0,0,0,0
"Donald B. Verrilli, Jr.",2011,0,0,0,0,0,0,0
"Donald B. Verrilli, Jr.",2011,0,0,0,0,0,0,0
"Donald B. Verrilli, Jr.",2011,0,0,0,0,0,0,0
Gregory G. Katsas,2011,0,0,0,0,0,0,0
Paul D. Clement,2011,0,0,0,0,0,0,0
Paul D. Clement,2011,0,0,0,0,0,0,0
Paul D. Clement,2011,0,0,0,0,0,0,0
Michael A. Carvin,2011,0,0,0,0,0,0,0
Edwin S. Kneedler,2011,0,0,0,0,0,0,0
"H. Bartow Farr, III",2011,0,0,0,0,0,0,0
Harvey A. Schwartz,2011,0,0,0,0,0,0,0
Eric J. Feigin,2011,0,0,0,0,0,0,0
Mark R. Freeman,2011,0,0,0,0,0,0,0
Carter G. Phillips,2011,0,0,0,0,0,0,0
Stephen E. Eberhardt,2011,0,0,0,0,0,0,0
Michael R. Dreeben,2011,0,0,0,0,0,0,0
Miguel A. Estrada,2011,0,0,0,0,0,0,0
Paul D. Clement,2011,0,0,0,0,0,0,0
Sri Srinivasan,2011,0,0,0,0,0,0,0
Jose Garza,2011,0,0,0,0,0,0,0
Jeffrey L. Fisher,2011,0,0,0,0,0,0,0
Laura G. Ferguson,2011,0,0,0,0,0,0,0
Curtis E. Gannon,2011,0,0,0,0,0,0,0
Carter G. Phillips,2011,0,0,0,0,0,0,0
Michael R. Dreeben,2011,0,0,0,0,0,0,0
Paul L. Hoffman,2012,0,0,0,0,0,0,0
Paul L. Hoffman,2012,0,0,0,0,0,0,0
Edwin S. Kneedler,2012,0,0,0,0,0,0,0
Edwin S. Kneedler,2012,0,0,0,0,0,0,0
Kathleen M. Sullivan,2012,0,0,0,0,0,0,0
Kathleen M. Sullivan,2012,0,0,0,0,0,0,0
"Donald B. Verrilli, Jr.",2012,0,0,0,0,0,0,0
"Donald B. Verrilli, Jr.",2012,0,0,0,0,0,0,0
Jameel Jaffer,2012,0,0,0,0,0,0,0
Sri Srinivasan,2012,0,0,0,0,0,0,0
John G. Jacobs,2012,0,0,0,0,0,0,0
Stephanie Brenan,2012,0,0,0,0,0,0,0
Kurt D. Hermansen,2012,0,0,0,0,0,0,0
Gregory G. Garre,2012,0,0,0,0,0,0,0
Nicole A. Saharsky,2012,0,0,0,0,0,0,0
Howard K. Blumberg,2012,0,0,0,0,0,0,0
Thomas C. Horne,2012,0,0,0,0,0,0,0
Leticia Marquez,2012,0,0,0,0,0,0,0
Alexandra T. Schimmer,2012,0,0,0,0,0,0,0
Scott Michelman,2012,0,0,0,0,0,0,0
Ann O'Connell,2012,0,0,0,0,0,0,0
Mary E. Maguire,2012,0,0,0,0,0,0,0
Michael R. Dreeben,2012,0,0,0,0,0,0,0
Warren A. Wolf,2012,0,0,0,0,0,0,0
Andrew S. Oldham,2012,0,0,0,0,0,0,0
"Donald B. Verrilli, Jr.",2012,0,0,0,0,0,0,0
Christopher J. Paolella,2012,0,0,0,0,0,0,0
Anthony A. Yang,2012,0,0,0,0,0,0,0
Jeffrey S. Bucholtz,2012,0,0,0,0,0,0,0
Ronald Mann,2012,0,0,0,0,0,0,0
Neal Kumar Katyal,2012,0,0,0,0,0,0,0
Anthony A. Yang,2012,0,0,0,0,0,0,0
Seth P. Waxman,2012,0,0,0,0,0,0,0
David C. Frederick,2012,0,0,0,0,0,0,0
Melissa Arbus Sherry,2012,0,0,0,0,0,0,0
Thomas M. Michel,2012,0,0,0,0,0,0,0
Jane Webre,2012,0,0,0,0,0,0,0
Benjamin J. Horwich,2012,0,0,0,0,0,0,0
Seth P. Waxman,2012,0,0,0,0,0,0,0
Allison M. Zieve,2012,0,0,0,0,0,0,0
Eric J. Feigin,2012,0,0,0,0,0,0,0
Lisa S. Blatt,2012,0,0,0,0,0,0,0
Daniel H. Ruttenberg,2012,0,0,0,0,0,0,0
Steffen N. Johnson,2012,0,0,0,0,0,0,0
Elaine J. Goldenberg,2012,0,0,0,0,0,0,0
Edwin S. Kneedler,2012,0,0,0,0,0,0,0
John F. Manning,2012,0,0,0,0,0,0,0
Robert L. Roth,2012,0,0,0,0,0,0,0
Lewis J. Liman,2012,0,0,0,0,0,0,0
Jeffrey B. Wall,2012,0,0,0,0,0,0,0
Neal Kumar Katyal,2012,0,0,0,0,0,0,0
Joseph R. Palmore,2012,0,0,0,0,0,0,0
Matthew W.H. Wessler,2012,0,0,0,0,0,0,0
David A. Moran,2012,0,0,0,0,0,0,0
Timothy A. Baughman,2012,0,0,0,0,0,0,0
Curtis E. Gannon,2012,0,0,0,0,0,0,0
Michael E. Manely,2012,0,0,0,0,0,0,0
Nicole A. Saharsky,2012,0,0,0,0,0,0,0
Stephen J. Cullen,2012,0,0,0,0,0,0,0
James A. Feldman,2012,0,0,0,0,0,0,0
Pratik A. Shah,2012,0,0,0,0,0,0,0
"John N. Koester, Jr.",2012,0,0,0,0,0,0,0
Nicole A. Saharsky,2012,0,0,0,0,0,0,0
Steven R. Shapiro,2012,0,0,0,0,0,0,0
Paul J. Beard II,2012,0,0,0,0,0,0,0
Paul R. Q. Wolfson,2012,0,0,0,0,0,0,0
Edwin S. Kneedler,2012,0,0,0,0,0,0,0
Theodore J. Boutrous Jr.,2012,0,0,0,0,0,0,0
David C. Frederick,2012,0,0,0,0,0,0,0
Thomas M. Byrne,2012,0,0,0,0,0,0,0
Bill D. Bensinger,2012,0,0,0,0,0,0,0
Curtis E. Gannon,2012,0,0,0,0,0,0,0
Thomas C. Goldstein,2012,0,0,0,0,0,0,0
A. J. Kramer,2012,0,0,0,0,0,0,0
"Donald B. Verrilli, Jr.",2012,0,0,0,0,0,0,0
Eric Schnapper,2012,0,0,0,0,0,0,0
Sarah E. Harrington,2012,0,0,0,0,0,0,0
Katherine Winfree,2012,0,0,0,0,0,0,0
Michael R. Dreeben,2012,0,0,0,0,0,0,0
Kannon K. Shanmugam,2012,0,0,0,0,0,0,0
Timothy S. Bishop,2012,0,0,0,0,0,0,0
Malcolm L. Stewart,2012,0,0,0,0,0,0,0
Jeffrey L. Fisher,2012,0,0,0,0,0,0,0
Bert W. Rein,2012,0,0,0,0,0,0,0
Gregory G. Garre,2012,0,0,0,0,0,0,0
"Donald B. Verrilli, Jr.",2012,0,0,0,0,0,0,0
Timothy T. Coates,2012,0,0,0,0,0,0,0
Pratik A. Shah,2012,0,0,0,0,0,0,0
Aaron Colangelo,2012,0,0,0,0,0,0,0
Deepak Gupta,2012,0,0,0,0,0,0,0
"E. Duncan Getchell, Jr.",2012,0,0,0,0,0,0,0
Daniel R. Ortiz,2012,0,0,0,0,0,0,0
Sri Srinivasan,2012,0,0,0,0,0,0,0
Gregory G. Garre,2012,0,0,0,0,0,0,0
James F. Goodhart,2012,0,0,0,0,0,0,0
Edwin S. Kneedler,2012,0,0,0,0,0,0,0
Jeffrey L. Fisher,2012,0,0,0,0,0,0,0
Curtis E. Gannon,2012,0,0,0,0,0,0,0
David C. Frederick,2012,0,0,0,0,0,0,0
E. Joshua Rosenkranz,2012,0,0,0,0,0,0,0
Theodore B. Olson,2012,0,0,0,0,0,0,0
Malcolm L. Stewart,2012,0,0,0,0,0,0,0
Thomas C. Goldstein,2012,0,0,0,0,0,0,0
Pratik A. Shah,2012,0,0,0,0,0,0,0
Kannon K. Shanmugam,2012,0,0,0,0,0,0,0
Jeffrey B. Wall,2012,0,0,0,0,0,0,0
Mark P. Walters,2012,0,0,0,0,0,0,0
Melissa Arbus Sherry,2012,0,0,0,0,0,0,0
Seth P. Waxman,2012,0,0,0,0,0,0,0
Daniel N. Lerman,2012,0,0,0,0,0,0,0
John F. Bash,2012,0,0,0,0,0,0,0
Steven S. Rosenthal,2012,0,0,0,0,0,0,0
Gregory G. Garre,2012,0,0,0,0,0,0,0
Joseph R. Palmore,2012,0,0,0,0,0,0,0
Glen P. Gifford,2012,0,0,0,0,0,0,0
Jeffrey L. Fisher,2012,0,0,0,0,0,0,0
Michael R. Dreeben,2012,0,0,0,0,0,0,0
Miguel A. Estrada,2012,0,0,0,0,0,0,0
Barry Barnett,2012,0,0,0,0,0,0,0
Charles A. Rothfeld,2012,0,0,0,0,0,0,0
Ann O'Connell,2012,0,0,0,0,0,0,0
Lisa S. Blatt,2012,0,0,0,0,0,0,0
Sarah E. Harrington,2012,0,0,0,0,0,0,0
Patricia A. Gilley,2012,0,0,0,0,0,0,0
Jeffrey B. Wall,2012,0,0,0,0,0,0,0
Dan B. Johnson,2012,0,0,0,0,0,0,0
Benjamin J. Horwich,2012,0,0,0,0,0,0,0
James W. Dabney,2012,0,0,0,0,0,0,0
Ginger D. Anders,2012,0,0,0,0,0,0,0
Thomas C. Goldstein,2012,0,0,0,0,0,0,0
Richard Bourke,2012,0,0,0,0,0,0,0
Carla S. Sigler,2012,0,0,0,0,0,0,0
Sri Srinivasan,2012,0,0,0,0,0,0,0
David W. Bowker,2012,0,0,0,0,0,0,0
Michael W. McConnell,2012,0,0,0,0,0,0,0
Joseph R. Palmore,2012,0,0,0,0,0,0,0
John J. Bursch,2012,0,0,0,0,0,0,0
Chad A. Readler,2012,0,0,0,0,0,0,0
Michael K. Kellogg,2012,0,0,0,0,0,0,0
Paul D. Clement,2012,0,0,0,0,0,0,0
Malcolm L. Stewart,2012,0,0,0,0,0,0,0
Seth P. Waxman,2012,0,0,0,0,0,0,0
Eric D. Katz,2012,0,0,0,0,0,0,0
Jay P. Lefkowitz,2012,0,0,0,0,0,0,0
Anthony A. Yang,2012,0,0,0,0,0,0,0
David C. Frederick,2012,0,0,0,0,0,0,0
Charles J. Cooper,2012,0,0,0,0,0,0,0
Theodore B. Olson,2012,0,0,0,0,0,0,0
"Donald B. Verrilli, Jr.",2012,0,0,0,0,0,0,0
Eric J. Feigin,2012,0,0,0,0,0,0,0
Robert M. Yablon,2012,0,0,0,0,0,0,0
Benjamin J. Horwich,2012,0,0,0,0,0,0,0
Robert T. Fishman,2012,0,0,0,0,0,0,0
Jeffrey L. Fisher,2012,0,0,0,0,0,0,0
Alan K. Curry,2012,0,0,0,0,0,0,0
Ginger D. Anders,2012,0,0,0,0,0,0,0
Joseph R. Guerra,2012,0,0,0,0,0,0,0
Paul D. Clement,2012,0,0,0,0,0,0,0
Vicki C. Jackson,2012,0,0,0,0,0,0,0
Sri Srinivasan,2012,0,0,0,0,0,0,0
Paul D. Clement,2012,0,0,0,0,0,0,0
"Donald B. Verrilli, Jr.",2012,0,0,0,0,0,0,0
Roberta A. Kaplan,2012,0,0,0,0,0,0,0
Paul D. Clement,2012,0,0,0,0,0,0,0
Sarah E. Harrington,2012,0,0,0,0,0,0,0
Christopher A. Hansen,2012,0,0,0,0,0,0,0
"Donald B. Verrilli, Jr.",2012,0,0,0,0,0,0,0
Gregory A. Castanias,2012,0,0,0,0,0,0,0
Lisa S. Blatt,2012,0,0,0,0,0,0,0
Paul D. Clement,2012,0,0,0,0,0,0,0
Charles A. Rothfeld,2012,0,0,0,0,0,0,0
Edwin S. Kneedler,2012,0,0,0,0,0,0,0
Malcolm L. Stewart,2012,0,0,0,0,0,0,0
Jeffrey I. Weinberger,2012,0,0,0,0,0,0,0
Michael R. Dreeben,2012,0,0,0,0,0,0,0
M. Carolyn Fuentes,2012,0,0,0,0,0,0,0
Paul D. Clement,2012,0,0,0,0,0,0,0
Ann O'Connell,2012,0,0,0,0,0,0,0
Daryl Joseffer,2012,0,0,0,0,0,0,0
Brian P. Lauten,2012,0,0,0,0,0,0,0
Melissa Arbus Sherry,2012,0,0,0,0,0,0,0
Andre D. Bouffard,2012,0,0,0,0,0,0,0
Brian C. Shaughnessy,2012,0,0,0,0,0,0,0
Lewis S. Yelin,2012,0,0,0,0,0,0,0
John J. Bursch,2012,0,0,0,0,0,0,0
Kenneth M. Mogill,2012,0,0,0,0,0,0,0
Stephen B. Kinnaird,2012,0,0,0,0,0,0,0
Eric J. Feigin,2012,0,0,0,0,0,0,0
Thomas C. Horne,2012,0,0,0,0,0,0,0
Patricia A. Millett,2012,0,0,0,0,0,0,0
Sri Srinivasan,2012,0,0,0,0,0,0,0
Bert W. Rein,2012,0,0,0,0,0,0,0
"Donald B. Verrilli, Jr.",2012,0,0,0,0,0,0,0
Debo P. Adegbile,2012,0,0,0,0,0,0,0
John F. Maddrey,2012,0,0,0,0,0,0,0
"Christopher G. Browning, Jr.",2012,0,0,0,0,0,0,0
Ginger D. Anders,2012,0,0,0,0,0,0,0